tick,node_id,x,y,energy,role,cluster_id
0,1,5.0,5.0,800,leader,1
0,2,10.0,10.0,600,member,1
0,3,15.0,8.0,750,member,1
0,4,8.0,18.0,500,member,1
0,5,20.0,20.0,400,isolated,5
0,6,50.0,50.0,900,leader,6
0,7,55.0,52.0,700,member,6
0,8,60.0,48.0,650,member,6
0,9,58.0,60.0,300,member,6
0,10,100.0,100.0,200,leader,10
0,11,95.0,95.0,180,member,10
0,12,30.0,70.0,420,leader,12
0,13,35.0,72.0,380,member,12
0,14,40.0,68.0,360,member,12
1,1,5.0,5.0,797,leader,1
1,2,10.0,10.0,599,member,1
1,3,15.0,8.0,749,member,1
1,4,8.0,18.0,499,member,1
1,5,20.0,20.0,399,isolated,5
1,6,50.0,50.0,897,leader,6
1,7,55.0,52.0,699,member,6
1,8,60.0,48.0,649,member,6
1,9,58.0,60.0,299,member,6
1,10,100.0,100.0,197,leader,10
1,11,95.0,95.0,179,member,10
1,12,30.0,70.0,417,leader,12
1,13,35.0,72.0,379,member,12
1,14,40.0,68.0,359,member,12
2,1,5.0,5.0,794,leader,1
2,2,10.0,10.0,598,member,1
2,3,15.0,8.0,748,member,1
2,4,8.0,18.0,498,member,1
2,5,20.0,20.0,398,isolated,5
2,6,50.0,50.0,894,leader,6
2,7,55.0,52.0,698,member,6
2,8,60.0,48.0,648,member,6
2,9,58.0,60.0,298,member,6
2,10,100.0,100.0,194,leader,10
2,11,95.0,95.0,178,member,10
2,12,30.0,70.0,414,leader,12
2,13,35.0,72.0,378,member,12
2,14,40.0,68.0,358,member,12
3,1,5.0,5.0,791,leader,1
3,2,10.0,10.0,597,member,1
3,3,15.0,8.0,747,member,1
3,4,8.0,18.0,497,member,1
3,5,20.0,20.0,397,isolated,5
3,6,50.0,50.0,891,leader,6
3,7,55.0,52.0,697,member,6
3,8,60.0,48.0,647,member,6
3,9,58.0,60.0,297,member,6
3,10,100.0,100.0,191,leader,10
3,11,95.0,95.0,177,member,10
3,12,30.0,70.0,411,leader,12
3,13,35.0,72.0,377,member,12
3,14,40.0,68.0,357,member,12
4,1,5.0,5.0,788,leader,1
4,2,10.0,10.0,596,member,1
4,3,15.0,8.0,746,member,1
4,4,8.0,18.0,496,member,1
4,5,20.0,20.0,396,isolated,5
4,6,50.0,50.0,888,leader,6
4,7,55.0,52.0,696,member,6
4,8,60.0,48.0,646,member,6
4,9,58.0,60.0,296,member,6
4,10,100.0,100.0,188,leader,10
4,11,95.0,95.0,176,member,10
4,12,30.0,70.0,408,leader,12
4,13,35.0,72.0,376,member,12
4,14,40.0,68.0,356,member,12
5,1,5.0,5.0,785,leader,1
5,2,10.0,10.0,595,member,1
5,3,15.0,8.0,745,member,1
5,4,8.0,18.0,495,member,1
5,5,20.0,20.0,395,isolated,5
5,6,50.0,50.0,885,leader,6
5,7,55.0,52.0,695,member,6
5,8,60.0,48.0,645,member,6
5,9,58.0,60.0,295,member,6
5,10,100.0,100.0,185,leader,10
5,11,95.0,95.0,175,member,10
5,12,30.0,70.0,405,leader,12
5,13,35.0,72.0,375,member,12
5,14,40.0,68.0,355,member,12
6,1,5.0,5.0,782,leader,1
6,2,10.0,10.0,594,member,1
6,3,15.0,8.0,744,member,1
6,4,8.0,18.0,494,member,1
6,5,20.0,20.0,394,isolated,5
6,6,50.0,50.0,882,leader,6
6,7,55.0,52.0,694,member,6
6,8,60.0,48.0,644,member,6
6,9,58.0,60.0,294,member,6
6,10,100.0,100.0,182,leader,10
6,11,95.0,95.0,174,member,10
6,12,30.0,70.0,402,leader,12
6,13,35.0,72.0,374,member,12
6,14,40.0,68.0,354,member,12
7,1,5.0,5.0,779,leader,1
7,2,10.0,10.0,593,member,1
7,3,15.0,8.0,743,member,1
7,4,8.0,18.0,493,member,1
7,5,20.0,20.0,393,isolated,5
7,6,50.0,50.0,879,leader,6
7,7,55.0,52.0,693,member,6
7,8,60.0,48.0,643,member,6
7,9,58.0,60.0,293,member,6
7,10,100.0,100.0,179,leader,10
7,11,95.0,95.0,173,member,10
7,12,30.0,70.0,399,leader,12
7,13,35.0,72.0,373,member,12
7,14,40.0,68.0,353,member,12
8,1,5.0,5.0,776,leader,1
8,2,10.0,10.0,592,member,1
8,3,15.0,8.0,742,member,1
8,4,8.0,18.0,492,member,1
8,5,20.0,20.0,392,isolated,5
8,6,50.0,50.0,876,leader,6
8,7,55.0,52.0,692,member,6
8,8,60.0,48.0,642,member,6
8,9,58.0,60.0,292,member,6
8,10,100.0,100.0,176,leader,10
8,11,95.0,95.0,172,member,10
8,12,30.0,70.0,396,leader,12
8,13,35.0,72.0,372,member,12
8,14,40.0,68.0,352,member,12
9,1,5.0,5.0,773,leader,1
9,2,10.0,10.0,591,member,1
9,3,15.0,8.0,741,member,1
9,4,8.0,18.0,491,member,1
9,5,20.0,20.0,391,isolated,5
9,6,50.0,50.0,873,leader,6
9,7,55.0,52.0,691,member,6
9,8,60.0,48.0,641,member,6
9,9,58.0,60.0,291,member,6
9,10,100.0,100.0,173,leader,10
9,11,95.0,95.0,171,member,10
9,12,30.0,70.0,393,leader,12
9,13,35.0,72.0,371,member,12
9,14,40.0,68.0,351,member,12
10,1,5.0,5.0,770,leader,1
10,2,10.0,10.0,590,member,1
10,3,15.0,8.0,740,member,1
10,4,8.0,18.0,490,member,1
10,5,20.0,20.0,390,isolated,5
10,6,50.0,50.0,870,leader,6
10,7,55.0,52.0,690,member,6
10,8,60.0,48.0,640,member,6
10,9,58.0,60.0,290,member,6
10,10,100.0,100.0,170,leader,10
10,11,95.0,95.0,170,member,10
10,12,30.0,70.0,390,leader,12
10,13,35.0,72.0,370,member,12
10,14,40.0,68.0,350,member,12
11,1,5.0,5.0,767,leader,1
11,2,10.0,10.0,589,member,1
11,3,15.0,8.0,739,member,1
11,4,8.0,18.0,489,member,1
11,5,20.0,20.0,389,isolated,5
11,6,50.0,50.0,867,leader,6
11,7,55.0,52.0,689,member,6
11,8,60.0,48.0,639,member,6
11,9,58.0,60.0,289,member,6
11,10,100.0,100.0,167,leader,10
11,11,95.0,95.0,169,member,10
11,12,30.0,70.0,387,leader,12
11,13,35.0,72.0,369,member,12
11,14,40.0,68.0,349,member,12
12,1,5.0,5.0,764,leader,1
12,2,10.0,10.0,588,member,1
12,3,15.0,8.0,738,member,1
12,4,8.0,18.0,488,member,1
12,5,20.0,20.0,388,isolated,5
12,6,50.0,50.0,864,leader,6
12,7,55.0,52.0,688,member,6
12,8,60.0,48.0,638,member,6
12,9,58.0,60.0,288,member,6
12,10,100.0,100.0,164,leader,10
12,11,95.0,95.0,168,member,10
12,12,30.0,70.0,384,leader,12
12,13,35.0,72.0,368,member,12
12,14,40.0,68.0,348,member,12
13,1,5.0,5.0,761,leader,1
13,2,10.0,10.0,587,member,1
13,3,15.0,8.0,737,member,1
13,4,8.0,18.0,487,member,1
13,5,20.0,20.0,387,isolated,5
13,6,50.0,50.0,861,leader,6
13,7,55.0,52.0,687,member,6
13,8,60.0,48.0,637,member,6
13,9,58.0,60.0,287,member,6
13,10,100.0,100.0,161,leader,10
13,11,95.0,95.0,167,member,10
13,12,30.0,70.0,381,leader,12
13,13,35.0,72.0,367,member,12
13,14,40.0,68.0,347,member,12
14,1,5.0,5.0,758,leader,1
14,2,10.0,10.0,586,member,1
14,3,15.0,8.0,736,member,1
14,4,8.0,18.0,486,member,1
14,5,20.0,20.0,386,isolated,5
14,6,50.0,50.0,858,leader,6
14,7,55.0,52.0,686,member,6
14,8,60.0,48.0,636,member,6
14,9,58.0,60.0,286,member,6
14,10,100.0,100.0,158,leader,10
14,11,95.0,95.0,166,member,10
14,12,30.0,70.0,378,leader,12
14,13,35.0,72.0,366,member,12
14,14,40.0,68.0,346,member,12
15,1,5.0,5.0,755,leader,1
15,2,10.0,10.0,585,member,1
15,3,15.0,8.0,735,member,1
15,4,8.0,18.0,485,member,1
15,5,20.0,20.0,385,isolated,5
15,6,50.0,50.0,855,leader,6
15,7,55.0,52.0,685,member,6
15,8,60.0,48.0,635,member,6
15,9,58.0,60.0,285,member,6
15,10,100.0,100.0,155,leader,10
15,11,95.0,95.0,165,member,10
15,12,30.0,70.0,375,leader,12
15,13,35.0,72.0,365,member,12
15,14,40.0,68.0,345,member,12
16,1,5.0,5.0,752,leader,1
16,2,10.0,10.0,584,member,1
16,3,15.0,8.0,734,member,1
16,4,8.0,18.0,484,member,1
16,5,20.0,20.0,384,isolated,5
16,6,50.0,50.0,852,leader,6
16,7,55.0,52.0,684,member,6
16,8,60.0,48.0,634,member,6
16,9,58.0,60.0,284,member,6
16,10,100.0,100.0,152,leader,10
16,11,95.0,95.0,164,member,10
16,12,30.0,70.0,372,leader,12
16,13,35.0,72.0,364,member,12
16,14,40.0,68.0,344,member,12
17,1,5.0,5.0,749,leader,1
17,2,10.0,10.0,583,member,1
17,3,15.0,8.0,733,member,1
17,4,8.0,18.0,483,member,1
17,5,20.0,20.0,383,isolated,5
17,6,50.0,50.0,849,leader,6
17,7,55.0,52.0,683,member,6
17,8,60.0,48.0,633,member,6
17,9,58.0,60.0,283,member,6
17,10,100.0,100.0,149,leader,10
17,11,95.0,95.0,163,member,10
17,12,30.0,70.0,369,leader,12
17,13,35.0,72.0,363,member,12
17,14,40.0,68.0,343,member,12
18,1,5.0,5.0,746,leader,1
18,2,10.0,10.0,582,member,1
18,3,15.0,8.0,732,member,1
18,4,8.0,18.0,482,member,1
18,5,20.0,20.0,382,isolated,5
18,6,50.0,50.0,846,leader,6
18,7,55.0,52.0,682,member,6
18,8,60.0,48.0,632,member,6
18,9,58.0,60.0,282,member,6
18,10,100.0,100.0,146,leader,10
18,11,95.0,95.0,162,member,10
18,12,30.0,70.0,366,leader,12
18,13,35.0,72.0,362,member,12
18,14,40.0,68.0,342,member,12
19,1,5.0,5.0,743,leader,1
19,2,10.0,10.0,581,member,1
19,3,15.0,8.0,731,member,1
19,4,8.0,18.0,481,member,1
19,5,20.0,20.0,381,isolated,5
19,6,50.0,50.0,843,leader,6
19,7,55.0,52.0,681,member,6
19,8,60.0,48.0,631,member,6
19,9,58.0,60.0,281,member,6
19,10,100.0,100.0,143,leader,10
19,11,95.0,95.0,161,member,10
19,12,30.0,70.0,363,leader,12
19,13,35.0,72.0,361,member,12
19,14,40.0,68.0,341,member,12
20,1,5.0,5.0,740,leader,1
20,2,10.0,10.0,580,member,1
20,3,15.0,8.0,730,member,1
20,4,8.0,18.0,480,member,1
20,5,20.0,20.0,380,isolated,5
20,6,50.0,50.0,840,leader,6
20,7,55.0,52.0,680,member,6
20,8,60.0,48.0,630,member,6
20,9,58.0,60.0,280,member,6
20,10,100.0,100.0,140,leader,10
20,11,95.0,95.0,160,member,10
20,12,30.0,70.0,360,leader,12
20,13,35.0,72.0,360,member,12
20,14,40.0,68.0,340,member,12
21,1,5.0,5.0,737,leader,1
21,2,10.0,10.0,579,member,1
21,3,15.0,8.0,729,member,1
21,4,8.0,18.0,479,member,1
21,5,20.0,20.0,379,isolated,5
21,6,50.0,50.0,837,leader,6
21,7,55.0,52.0,679,member,6
21,8,60.0,48.0,629,member,6
21,9,58.0,60.0,279,member,6
21,10,100.0,100.0,137,leader,10
21,11,95.0,95.0,159,member,10
21,12,30.0,70.0,357,leader,12
21,13,35.0,72.0,359,member,12
21,14,40.0,68.0,339,member,12
22,1,5.0,5.0,734,leader,1
22,2,10.0,10.0,578,member,1
22,3,15.0,8.0,728,member,1
22,4,8.0,18.0,478,member,1
22,5,20.0,20.0,378,isolated,5
22,6,50.0,50.0,834,leader,6
22,7,55.0,52.0,678,member,6
22,8,60.0,48.0,628,member,6
22,9,58.0,60.0,278,member,6
22,10,100.0,100.0,134,leader,10
22,11,95.0,95.0,158,member,10
22,12,30.0,70.0,354,leader,12
22,13,35.0,72.0,358,member,12
22,14,40.0,68.0,338,member,12
23,1,5.0,5.0,731,leader,1
23,2,10.0,10.0,577,member,1
23,3,15.0,8.0,727,member,1
23,4,8.0,18.0,477,member,1
23,5,20.0,20.0,377,isolated,5
23,6,50.0,50.0,831,leader,6
23,7,55.0,52.0,677,member,6
23,8,60.0,48.0,627,member,6
23,9,58.0,60.0,277,member,6
23,10,100.0,100.0,131,leader,10
23,11,95.0,95.0,157,member,10
23,12,30.0,70.0,351,leader,12
23,13,35.0,72.0,357,member,12
23,14,40.0,68.0,337,member,12
24,1,5.0,5.0,728,leader,1
24,2,10.0,10.0,576,member,1
24,3,15.0,8.0,726,member,1
24,4,8.0,18.0,476,member,1
24,5,20.0,20.0,376,isolated,5
24,6,50.0,50.0,828,leader,6
24,7,55.0,52.0,676,member,6
24,8,60.0,48.0,626,member,6
24,9,58.0,60.0,276,member,6
24,10,100.0,100.0,128,leader,10
24,11,95.0,95.0,156,member,10
24,12,30.0,70.0,348,leader,12
24,13,35.0,72.0,356,member,12
24,14,40.0,68.0,336,member,12
25,1,5.0,5.0,725,leader,1
25,2,10.0,10.0,575,member,1
25,3,15.0,8.0,725,member,1
25,4,8.0,18.0,475,member,1
25,5,20.0,20.0,375,isolated,5
25,6,50.0,50.0,825,leader,6
25,7,55.0,52.0,675,member,6
25,8,60.0,48.0,625,member,6
25,9,58.0,60.0,275,member,6
25,10,100.0,100.0,125,leader,10
25,11,95.0,95.0,155,member,10
25,12,30.0,70.0,345,leader,12
25,13,35.0,72.0,355,member,12
25,14,40.0,68.0,335,member,12
26,1,5.0,5.0,722,leader,1
26,2,10.0,10.0,574,member,1
26,3,15.0,8.0,724,member,1
26,4,8.0,18.0,474,member,1
26,5,20.0,20.0,374,isolated,5
26,6,50.0,50.0,822,leader,6
26,7,55.0,52.0,674,member,6
26,8,60.0,48.0,624,member,6
26,9,58.0,60.0,274,member,6
26,10,100.0,100.0,122,leader,10
26,11,95.0,95.0,154,member,10
26,12,30.0,70.0,342,leader,12
26,13,35.0,72.0,354,member,12
26,14,40.0,68.0,334,member,12
27,1,5.0,5.0,719,leader,1
27,2,10.0,10.0,573,member,1
27,3,15.0,8.0,723,member,1
27,4,8.0,18.0,473,member,1
27,5,20.0,20.0,373,isolated,5
27,6,50.0,50.0,819,leader,6
27,7,55.0,52.0,673,member,6
27,8,60.0,48.0,623,member,6
27,9,58.0,60.0,273,member,6
27,10,100.0,100.0,119,leader,10
27,11,95.0,95.0,153,member,10
27,12,30.0,70.0,339,leader,12
27,13,35.0,72.0,353,member,12
27,14,40.0,68.0,333,member,12
28,1,5.0,5.0,716,leader,1
28,2,10.0,10.0,572,member,1
28,3,15.0,8.0,722,member,1
28,4,8.0,18.0,472,member,1
28,5,20.0,20.0,372,isolated,5
28,6,50.0,50.0,816,leader,6
28,7,55.0,52.0,672,member,6
28,8,60.0,48.0,622,member,6
28,9,58.0,60.0,272,member,6
28,10,100.0,100.0,116,leader,10
28,11,95.0,95.0,152,member,10
28,12,30.0,70.0,336,leader,12
28,13,35.0,72.0,352,member,12
28,14,40.0,68.0,332,member,12
29,1,5.0,5.0,713,leader,1
29,2,10.0,10.0,571,member,1
29,3,15.0,8.0,721,member,1
29,4,8.0,18.0,471,member,1
29,5,20.0,20.0,371,isolated,5
29,6,50.0,50.0,813,leader,6
29,7,55.0,52.0,671,member,6
29,8,60.0,48.0,621,member,6
29,9,58.0,60.0,271,member,6
29,10,100.0,100.0,113,leader,10
29,11,95.0,95.0,151,member,10
29,12,30.0,70.0,333,leader,12
29,13,35.0,72.0,351,member,12
29,14,40.0,68.0,331,member,12
30,1,5.0,5.0,710,leader,1
30,2,10.0,10.0,570,member,1
30,3,15.0,8.0,720,member,1
30,4,8.0,18.0,470,member,1
30,5,20.0,20.0,370,isolated,5
30,6,50.0,50.0,810,leader,6
30,7,55.0,52.0,670,member,6
30,8,60.0,48.0,620,member,6
30,9,58.0,60.0,270,member,6
30,10,100.0,100.0,110,leader,10
30,11,95.0,95.0,150,member,10
30,12,30.0,70.0,330,leader,12
30,13,35.0,72.0,350,member,12
30,14,40.0,68.0,330,member,12
31,1,5.0,5.0,707,leader,1
31,2,10.0,10.0,569,member,1
31,3,15.0,8.0,719,member,1
31,4,8.0,18.0,469,member,1
31,5,20.0,20.0,369,isolated,5
31,6,50.0,50.0,807,leader,6
31,7,55.0,52.0,669,member,6
31,8,60.0,48.0,619,member,6
31,9,58.0,60.0,269,member,6
31,10,100.0,100.0,107,leader,10
31,11,95.0,95.0,149,member,10
31,12,30.0,70.0,327,leader,12
31,13,35.0,72.0,349,member,12
31,14,40.0,68.0,329,member,12
32,1,5.0,5.0,704,leader,1
32,2,10.0,10.0,568,member,1
32,3,15.0,8.0,718,member,1
32,4,8.0,18.0,468,member,1
32,5,20.0,20.0,368,isolated,5
32,6,50.0,50.0,804,leader,6
32,7,55.0,52.0,668,member,6
32,8,60.0,48.0,618,member,6
32,9,58.0,60.0,268,member,6
32,10,100.0,100.0,104,leader,10
32,11,95.0,95.0,148,member,10
32,12,30.0,70.0,324,leader,12
32,13,35.0,72.0,348,member,12
32,14,40.0,68.0,328,member,12
33,1,5.0,5.0,701,leader,1
33,2,10.0,10.0,567,member,1
33,3,15.0,8.0,717,member,1
33,4,8.0,18.0,467,member,1
33,5,20.0,20.0,367,isolated,5
33,6,50.0,50.0,801,leader,6
33,7,55.0,52.0,667,member,6
33,8,60.0,48.0,617,member,6
33,9,58.0,60.0,267,member,6
33,10,100.0,100.0,101,leader,10
33,11,95.0,95.0,147,member,10
33,12,30.0,70.0,321,leader,12
33,13,35.0,72.0,347,member,12
33,14,40.0,68.0,327,member,12
34,1,5.0,5.0,698,leader,1
34,2,10.0,10.0,566,member,1
34,3,15.0,8.0,716,member,1
34,4,8.0,18.0,466,member,1
34,5,20.0,20.0,366,isolated,5
34,6,50.0,50.0,798,leader,6
34,7,55.0,52.0,666,member,6
34,8,60.0,48.0,616,member,6
34,9,58.0,60.0,266,member,6
34,10,100.0,100.0,98,leader,10
34,11,95.0,95.0,146,member,10
34,12,30.0,70.0,318,leader,12
34,13,35.0,72.0,346,member,12
34,14,40.0,68.0,326,member,12
35,1,5.0,5.0,695,leader,1
35,2,10.0,10.0,565,member,1
35,3,15.0,8.0,715,member,1
35,4,8.0,18.0,465,member,1
35,5,20.0,20.0,365,isolated,5
35,6,50.0,50.0,795,leader,6
35,7,55.0,52.0,665,member,6
35,8,60.0,48.0,615,member,6
35,9,58.0,60.0,265,member,6
35,10,100.0,100.0,95,leader,10
35,11,95.0,95.0,145,member,10
35,12,30.0,70.0,315,leader,12
35,13,35.0,72.0,345,member,12
35,14,40.0,68.0,325,member,12
36,1,5.0,5.0,692,leader,1
36,2,10.0,10.0,564,member,1
36,3,15.0,8.0,714,member,1
36,4,8.0,18.0,464,member,1
36,5,20.0,20.0,364,isolated,5
36,6,50.0,50.0,792,leader,6
36,7,55.0,52.0,664,member,6
36,8,60.0,48.0,614,member,6
36,9,58.0,60.0,264,member,6
36,10,100.0,100.0,92,leader,10
36,11,95.0,95.0,144,member,10
36,12,30.0,70.0,312,leader,12
36,13,35.0,72.0,344,member,12
36,14,40.0,68.0,324,member,12
37,1,5.0,5.0,689,leader,1
37,2,10.0,10.0,563,member,1
37,3,15.0,8.0,713,member,1
37,4,8.0,18.0,463,member,1
37,5,20.0,20.0,363,isolated,5
37,6,50.0,50.0,789,leader,6
37,7,55.0,52.0,663,member,6
37,8,60.0,48.0,613,member,6
37,9,58.0,60.0,263,member,6
37,10,100.0,100.0,89,leader,10
37,11,95.0,95.0,143,member,10
37,12,30.0,70.0,309,leader,12
37,13,35.0,72.0,343,member,12
37,14,40.0,68.0,323,member,12
38,1,5.0,5.0,686,leader,1
38,2,10.0,10.0,562,member,1
38,3,15.0,8.0,712,member,1
38,4,8.0,18.0,462,member,1
38,5,20.0,20.0,362,isolated,5
38,6,50.0,50.0,786,leader,6
38,7,55.0,52.0,662,member,6
38,8,60.0,48.0,612,member,6
38,9,58.0,60.0,262,member,6
38,10,100.0,100.0,86,leader,10
38,11,95.0,95.0,142,member,10
38,12,30.0,70.0,306,leader,12
38,13,35.0,72.0,342,member,12
38,14,40.0,68.0,322,member,12
39,1,5.0,5.0,683,leader,1
39,2,10.0,10.0,561,member,1
39,3,15.0,8.0,711,member,1
39,4,8.0,18.0,461,member,1
39,5,20.0,20.0,361,isolated,5
39,6,50.0,50.0,783,leader,6
39,7,55.0,52.0,661,member,6
39,8,60.0,48.0,611,member,6
39,9,58.0,60.0,261,member,6
39,10,100.0,100.0,83,leader,10
39,11,95.0,95.0,141,member,10
39,12,30.0,70.0,303,leader,12
39,13,35.0,72.0,341,member,12
39,14,40.0,68.0,321,member,12
40,1,5.0,5.0,680,leader,1
40,2,10.0,10.0,560,member,1
40,3,15.0,8.0,710,member,1
40,4,8.0,18.0,460,member,1
40,5,20.0,20.0,360,isolated,5
40,6,50.0,50.0,780,leader,6
40,7,55.0,52.0,660,member,6
40,8,60.0,48.0,610,member,6
40,9,58.0,60.0,260,member,6
40,10,100.0,100.0,80,leader,10
40,11,95.0,95.0,140,member,10
40,12,30.0,70.0,300,leader,12
40,13,35.0,72.0,340,member,12
40,14,40.0,68.0,320,member,12
41,1,5.0,5.0,677,leader,1
41,2,10.0,10.0,559,member,1
41,3,15.0,8.0,709,member,1
41,4,8.0,18.0,459,member,1
41,5,20.0,20.0,359,isolated,5
41,6,50.0,50.0,777,leader,6
41,7,55.0,52.0,659,member,6
41,8,60.0,48.0,609,member,6
41,9,58.0,60.0,259,member,6
41,10,100.0,100.0,77,leader,10
41,11,95.0,95.0,139,member,10
41,12,30.0,70.0,297,leader,12
41,13,35.0,72.0,339,member,12
41,14,40.0,68.0,319,member,12
42,1,5.0,5.0,674,leader,1
42,2,10.0,10.0,558,member,1
42,3,15.0,8.0,708,member,1
42,4,8.0,18.0,458,member,1
42,5,20.0,20.0,358,isolated,5
42,6,50.0,50.0,774,leader,6
42,7,55.0,52.0,658,member,6
42,8,60.0,48.0,608,member,6
42,9,58.0,60.0,258,member,6
42,10,100.0,100.0,74,leader,10
42,11,95.0,95.0,138,member,10
42,12,30.0,70.0,294,leader,12
42,13,35.0,72.0,338,member,12
42,14,40.0,68.0,318,member,12
43,1,5.0,5.0,671,leader,1
43,2,10.0,10.0,557,member,1
43,3,15.0,8.0,707,member,1
43,4,8.0,18.0,457,member,1
43,5,20.0,20.0,357,isolated,5
43,6,50.0,50.0,771,leader,6
43,7,55.0,52.0,657,member,6
43,8,60.0,48.0,607,member,6
43,9,58.0,60.0,257,member,6
43,10,100.0,100.0,71,leader,10
43,11,95.0,95.0,137,member,10
43,12,30.0,70.0,291,leader,12
43,13,35.0,72.0,337,member,12
43,14,40.0,68.0,317,member,12
44,1,5.0,5.0,668,leader,1
44,2,10.0,10.0,556,member,1
44,3,15.0,8.0,706,member,1
44,4,8.0,18.0,456,member,1
44,5,20.0,20.0,356,isolated,5
44,6,50.0,50.0,768,leader,6
44,7,55.0,52.0,656,member,6
44,8,60.0,48.0,606,member,6
44,9,58.0,60.0,256,member,6
44,10,100.0,100.0,68,leader,10
44,11,95.0,95.0,136,member,10
44,12,30.0,70.0,288,leader,12
44,13,35.0,72.0,336,member,12
44,14,40.0,68.0,316,member,12
45,1,5.0,5.0,665,leader,1
45,2,10.0,10.0,555,member,1
45,3,15.0,8.0,705,member,1
45,4,8.0,18.0,455,member,1
45,5,20.0,20.0,355,isolated,5
45,6,50.0,50.0,765,leader,6
45,7,55.0,52.0,655,member,6
45,8,60.0,48.0,605,member,6
45,9,58.0,60.0,255,member,6
45,10,100.0,100.0,65,leader,10
45,11,95.0,95.0,135,member,10
45,12,30.0,70.0,285,leader,12
45,13,35.0,72.0,335,member,12
45,14,40.0,68.0,315,member,12
46,1,5.0,5.0,662,leader,1
46,2,10.0,10.0,554,member,1
46,3,15.0,8.0,704,member,1
46,4,8.0,18.0,454,member,1
46,5,20.0,20.0,354,isolated,5
46,6,50.0,50.0,762,leader,6
46,7,55.0,52.0,654,member,6
46,8,60.0,48.0,604,member,6
46,9,58.0,60.0,254,member,6
46,10,100.0,100.0,62,leader,10
46,11,95.0,95.0,134,member,10
46,12,30.0,70.0,282,leader,12
46,13,35.0,72.0,334,member,12
46,14,40.0,68.0,314,member,12
47,1,5.0,5.0,659,leader,1
47,2,10.0,10.0,553,member,1
47,3,15.0,8.0,703,member,1
47,4,8.0,18.0,453,member,1
47,5,20.0,20.0,353,isolated,5
47,6,50.0,50.0,759,leader,6
47,7,55.0,52.0,653,member,6
47,8,60.0,48.0,603,member,6
47,9,58.0,60.0,253,member,6
47,10,100.0,100.0,59,leader,10
47,11,95.0,95.0,133,member,10
47,12,30.0,70.0,279,leader,12
47,13,35.0,72.0,333,member,12
47,14,40.0,68.0,313,member,12
48,1,5.0,5.0,656,leader,1
48,2,10.0,10.0,552,member,1
48,3,15.0,8.0,702,member,1
48,4,8.0,18.0,452,member,1
48,5,20.0,20.0,352,isolated,5
48,6,50.0,50.0,756,leader,6
48,7,55.0,52.0,652,member,6
48,8,60.0,48.0,602,member,6
48,9,58.0,60.0,252,member,6
48,10,100.0,100.0,56,leader,10
48,11,95.0,95.0,132,member,10
48,12,30.0,70.0,276,leader,12
48,13,35.0,72.0,332,member,12
48,14,40.0,68.0,312,member,12
49,1,5.0,5.0,653,leader,1
49,2,10.0,10.0,551,member,1
49,3,15.0,8.0,701,member,1
49,4,8.0,18.0,451,member,1
49,5,20.0,20.0,351,isolated,5
49,6,50.0,50.0,753,leader,6
49,7,55.0,52.0,651,member,6
49,8,60.0,48.0,601,member,6
49,9,58.0,60.0,251,member,6
49,10,100.0,100.0,53,leader,10
49,11,95.0,95.0,131,member,10
49,12,30.0,70.0,273,leader,12
49,13,35.0,72.0,331,member,12
49,14,40.0,68.0,311,member,12
50,1,5.0,5.0,650,leader,1
50,2,10.0,10.0,550,member,1
50,3,15.0,8.0,700,member,1
50,4,8.0,18.0,450,member,1
50,5,20.0,20.0,350,isolated,5
50,6,50.0,50.0,750,leader,6
50,7,55.0,52.0,650,member,6
50,8,60.0,48.0,600,member,6
50,9,58.0,60.0,250,member,6
50,10,100.0,100.0,50,leader,10
50,11,95.0,95.0,130,member,10
50,12,30.0,70.0,270,leader,12
50,13,35.0,72.0,330,member,12
50,14,40.0,68.0,310,member,12
51,1,5.0,5.0,647,leader,1
51,2,10.0,10.0,549,member,1
51,3,15.0,8.0,699,member,1
51,4,8.0,18.0,449,member,1
51,5,20.0,20.0,349,isolated,5
51,6,50.0,50.0,747,leader,6
51,7,55.0,52.0,649,member,6
51,8,60.0,48.0,599,member,6
51,9,58.0,60.0,249,member,6
51,10,100.0,100.0,47,leader,10
51,11,95.0,95.0,129,member,10
51,12,30.0,70.0,267,leader,12
51,13,35.0,72.0,329,member,12
51,14,40.0,68.0,309,member,12
52,1,5.0,5.0,644,leader,1
52,2,10.0,10.0,548,member,1
52,3,15.0,8.0,698,member,1
52,4,8.0,18.0,448,member,1
52,5,20.0,20.0,348,isolated,5
52,6,50.0,50.0,744,leader,6
52,7,55.0,52.0,648,member,6
52,8,60.0,48.0,598,member,6
52,9,58.0,60.0,248,member,6
52,10,100.0,100.0,44,leader,10
52,11,95.0,95.0,128,member,10
52,12,30.0,70.0,264,leader,12
52,13,35.0,72.0,328,member,12
52,14,40.0,68.0,308,member,12
53,1,5.0,5.0,641,leader,1
53,2,10.0,10.0,547,member,1
53,3,15.0,8.0,697,member,1
53,4,8.0,18.0,447,member,1
53,5,20.0,20.0,347,isolated,5
53,6,50.0,50.0,741,leader,6
53,7,55.0,52.0,647,member,6
53,8,60.0,48.0,597,member,6
53,9,58.0,60.0,247,member,6
53,10,100.0,100.0,41,leader,10
53,11,95.0,95.0,127,member,10
53,12,30.0,70.0,261,leader,12
53,13,35.0,72.0,327,member,12
53,14,40.0,68.0,307,member,12
54,1,5.0,5.0,638,leader,1
54,2,10.0,10.0,546,member,1
54,3,15.0,8.0,696,member,1
54,4,8.0,18.0,446,member,1
54,5,20.0,20.0,346,isolated,5
54,6,50.0,50.0,738,leader,6
54,7,55.0,52.0,646,member,6
54,8,60.0,48.0,596,member,6
54,9,58.0,60.0,246,member,6
54,10,100.0,100.0,38,leader,10
54,11,95.0,95.0,126,member,10
54,12,30.0,70.0,258,leader,12
54,13,35.0,72.0,326,member,12
54,14,40.0,68.0,306,member,12
55,1,5.0,5.0,635,leader,1
55,2,10.0,10.0,545,member,1
55,3,15.0,8.0,695,member,1
55,4,8.0,18.0,445,member,1
55,5,20.0,20.0,345,isolated,5
55,6,50.0,50.0,735,leader,6
55,7,55.0,52.0,645,member,6
55,8,60.0,48.0,595,member,6
55,9,58.0,60.0,245,member,6
55,10,100.0,100.0,35,leader,10
55,11,95.0,95.0,125,member,10
55,12,30.0,70.0,255,leader,12
55,13,35.0,72.0,325,member,12
55,14,40.0,68.0,305,member,12
56,1,5.0,5.0,632,leader,1
56,2,10.0,10.0,544,member,1
56,3,15.0,8.0,694,member,1
56,4,8.0,18.0,444,member,1
56,5,20.0,20.0,344,isolated,5
56,6,50.0,50.0,732,leader,6
56,7,55.0,52.0,644,member,6
56,8,60.0,48.0,594,member,6
56,9,58.0,60.0,244,member,6
56,10,100.0,100.0,32,leader,10
56,11,95.0,95.0,124,member,10
56,12,30.0,70.0,252,leader,12
56,13,35.0,72.0,324,member,12
56,14,40.0,68.0,304,member,12
57,1,5.0,5.0,629,leader,1
57,2,10.0,10.0,543,member,1
57,3,15.0,8.0,693,member,1
57,4,8.0,18.0,443,member,1
57,5,20.0,20.0,343,isolated,5
57,6,50.0,50.0,729,leader,6
57,7,55.0,52.0,643,member,6
57,8,60.0,48.0,593,member,6
57,9,58.0,60.0,243,member,6
57,10,100.0,100.0,29,leader,10
57,11,95.0,95.0,123,member,10
57,12,30.0,70.0,249,leader,12
57,13,35.0,72.0,323,member,12
57,14,40.0,68.0,303,member,12
58,1,5.0,5.0,626,leader,1
58,2,10.0,10.0,542,member,1
58,3,15.0,8.0,692,member,1
58,4,8.0,18.0,442,member,1
58,5,20.0,20.0,342,isolated,5
58,6,50.0,50.0,726,leader,6
58,7,55.0,52.0,642,member,6
58,8,60.0,48.0,592,member,6
58,9,58.0,60.0,242,member,6
58,10,100.0,100.0,26,leader,10
58,11,95.0,95.0,122,member,10
58,12,30.0,70.0,246,leader,12
58,13,35.0,72.0,322,member,12
58,14,40.0,68.0,302,member,12
59,1,5.0,5.0,623,leader,1
59,2,10.0,10.0,541,member,1
59,3,15.0,8.0,691,member,1
59,4,8.0,18.0,441,member,1
59,5,20.0,20.0,341,isolated,5
59,6,50.0,50.0,723,leader,6
59,7,55.0,52.0,641,member,6
59,8,60.0,48.0,591,member,6
59,9,58.0,60.0,241,member,6
59,10,100.0,100.0,23,leader,10
59,11,95.0,95.0,121,member,10
59,12,30.0,70.0,243,leader,12
59,13,35.0,72.0,321,member,12
59,14,40.0,68.0,301,member,12
60,1,5.0,5.0,620,leader,1
60,2,10.0,10.0,540,member,1
60,3,15.0,8.0,690,member,1
60,4,8.0,18.0,440,member,1
60,5,20.0,20.0,340,isolated,5
60,6,50.0,50.0,720,leader,6
60,7,55.0,52.0,640,member,6
60,8,60.0,48.0,590,member,6
60,9,58.0,60.0,240,member,6
60,10,100.0,100.0,20,leader,10
60,11,95.0,95.0,120,member,10
60,12,30.0,70.0,240,leader,12
60,13,35.0,72.0,320,member,12
60,14,40.0,68.0,300,member,12
61,1,5.0,5.0,617,leader,1
61,2,10.0,10.0,539,member,1
61,3,15.0,8.0,689,member,1
61,4,8.0,18.0,439,member,1
61,5,20.0,20.0,339,isolated,5
61,6,50.0,50.0,717,leader,6
61,7,55.0,52.0,639,member,6
61,8,60.0,48.0,589,member,6
61,9,58.0,60.0,239,member,6
61,10,100.0,100.0,17,leader,10
61,11,95.0,95.0,119,member,10
61,12,30.0,70.0,237,leader,12
61,13,35.0,72.0,319,member,12
61,14,40.0,68.0,299,member,12
62,1,5.0,5.0,614,leader,1
62,2,10.0,10.0,538,member,1
62,3,15.0,8.0,688,member,1
62,4,8.0,18.0,438,member,1
62,5,20.0,20.0,338,isolated,5
62,6,50.0,50.0,714,leader,6
62,7,55.0,52.0,638,member,6
62,8,60.0,48.0,588,member,6
62,9,58.0,60.0,238,member,6
62,10,100.0,100.0,14,leader,10
62,11,95.0,95.0,118,member,10
62,12,30.0,70.0,234,leader,12
62,13,35.0,72.0,318,member,12
62,14,40.0,68.0,298,member,12
63,1,5.0,5.0,611,leader,1
63,2,10.0,10.0,537,member,1
63,3,15.0,8.0,687,member,1
63,4,8.0,18.0,437,member,1
63,5,20.0,20.0,337,isolated,5
63,6,50.0,50.0,711,leader,6
63,7,55.0,52.0,637,member,6
63,8,60.0,48.0,587,member,6
63,9,58.0,60.0,237,member,6
63,10,100.0,100.0,11,leader,10
63,11,95.0,95.0,117,member,10
63,12,30.0,70.0,231,leader,12
63,13,35.0,72.0,317,member,12
63,14,40.0,68.0,297,member,12
64,1,5.0,5.0,608,leader,1
64,2,10.0,10.0,536,member,1
64,3,15.0,8.0,686,member,1
64,4,8.0,18.0,436,member,1
64,5,20.0,20.0,336,isolated,5
64,6,50.0,50.0,708,leader,6
64,7,55.0,52.0,636,member,6
64,8,60.0,48.0,586,member,6
64,9,58.0,60.0,236,member,6
64,10,100.0,100.0,8,leader,10
64,11,95.0,95.0,116,member,10
64,12,30.0,70.0,228,leader,12
64,13,35.0,72.0,316,member,12
64,14,40.0,68.0,296,member,12
65,1,5.0,5.0,605,leader,1
65,2,10.0,10.0,535,member,1
65,3,15.0,8.0,685,member,1
65,4,8.0,18.0,435,member,1
65,5,20.0,20.0,335,isolated,5
65,6,50.0,50.0,705,leader,6
65,7,55.0,52.0,635,member,6
65,8,60.0,48.0,585,member,6
65,9,58.0,60.0,235,member,6
65,10,100.0,100.0,5,leader,10
65,11,95.0,95.0,115,member,10
65,12,30.0,70.0,225,leader,12
65,13,35.0,72.0,315,member,12
65,14,40.0,68.0,295,member,12
66,1,5.0,5.0,602,leader,1
66,2,10.0,10.0,534,member,1
66,3,15.0,8.0,684,member,1
66,4,8.0,18.0,434,member,1
66,5,20.0,20.0,334,isolated,5
66,6,50.0,50.0,702,leader,6
66,7,55.0,52.0,634,member,6
66,8,60.0,48.0,584,member,6
66,9,58.0,60.0,234,member,6
66,10,100.0,100.0,2,leader,10
66,11,95.0,95.0,114,member,10
66,12,30.0,70.0,222,leader,12
66,13,35.0,72.0,314,member,12
66,14,40.0,68.0,294,member,12
67,1,5.0,5.0,599,leader,1
67,2,10.0,10.0,533,member,1
67,3,15.0,8.0,683,member,1
67,4,8.0,18.0,433,member,1
67,5,20.0,20.0,333,isolated,5
67,6,50.0,50.0,699,leader,6
67,7,55.0,52.0,633,member,6
67,8,60.0,48.0,583,member,6
67,9,58.0,60.0,233,member,6
67,11,95.0,95.0,111,leader,11
67,12,30.0,70.0,219,leader,12
67,13,35.0,72.0,313,member,12
67,14,40.0,68.0,293,member,12
67,10,100.0,100.0,0,leader,10
68,1,5.0,5.0,596,leader,1
68,2,10.0,10.0,532,member,1
68,3,15.0,8.0,682,member,1
68,4,8.0,18.0,432,member,1
68,5,20.0,20.0,332,isolated,5
68,6,50.0,50.0,696,leader,6
68,7,55.0,52.0,632,member,6
68,8,60.0,48.0,582,member,6
68,9,58.0,60.0,232,member,6
68,11,95.0,95.0,108,leader,11
68,12,30.0,70.0,216,leader,12
68,13,35.0,72.0,312,member,12
68,14,40.0,68.0,292,member,12
69,1,5.0,5.0,593,leader,1
69,2,10.0,10.0,531,member,1
69,3,15.0,8.0,681,member,1
69,4,8.0,18.0,431,member,1
69,5,20.0,20.0,331,isolated,5
69,6,50.0,50.0,693,leader,6
69,7,55.0,52.0,631,member,6
69,8,60.0,48.0,581,member,6
69,9,58.0,60.0,231,member,6
69,11,95.0,95.0,105,leader,11
69,12,30.0,70.0,213,leader,12
69,13,35.0,72.0,311,member,12
69,14,40.0,68.0,291,member,12
70,1,5.0,5.0,590,leader,1
70,2,10.0,10.0,530,member,1
70,3,15.0,8.0,680,member,1
70,4,8.0,18.0,430,member,1
70,5,20.0,20.0,330,isolated,5
70,6,50.0,50.0,690,leader,6
70,7,55.0,52.0,630,member,6
70,8,60.0,48.0,580,member,6
70,9,58.0,60.0,230,member,6
70,11,95.0,95.0,102,leader,11
70,12,30.0,70.0,210,leader,12
70,13,35.0,72.0,310,member,12
70,14,40.0,68.0,290,member,12
71,1,5.0,5.0,587,leader,1
71,2,10.0,10.0,529,member,1
71,3,15.0,8.0,679,member,1
71,4,8.0,18.0,429,member,1
71,5,20.0,20.0,329,isolated,5
71,6,50.0,50.0,687,leader,6
71,7,55.0,52.0,629,member,6
71,8,60.0,48.0,579,member,6
71,9,58.0,60.0,229,member,6
71,11,95.0,95.0,99,leader,11
71,12,30.0,70.0,207,leader,12
71,13,35.0,72.0,309,member,12
71,14,40.0,68.0,289,member,12
72,1,5.0,5.0,584,leader,1
72,2,10.0,10.0,528,member,1
72,3,15.0,8.0,678,member,1
72,4,8.0,18.0,428,member,1
72,5,20.0,20.0,328,isolated,5
72,6,50.0,50.0,684,leader,6
72,7,55.0,52.0,628,member,6
72,8,60.0,48.0,578,member,6
72,9,58.0,60.0,228,member,6
72,11,95.0,95.0,96,leader,11
72,12,30.0,70.0,204,leader,12
72,13,35.0,72.0,308,member,12
72,14,40.0,68.0,288,member,12
73,1,5.0,5.0,581,leader,1
73,2,10.0,10.0,527,member,1
73,3,15.0,8.0,677,member,1
73,4,8.0,18.0,427,member,1
73,5,20.0,20.0,327,isolated,5
73,6,50.0,50.0,681,leader,6
73,7,55.0,52.0,627,member,6
73,8,60.0,48.0,577,member,6
73,9,58.0,60.0,227,member,6
73,11,95.0,95.0,93,leader,11
73,12,30.0,70.0,201,leader,12
73,13,35.0,72.0,307,member,12
73,14,40.0,68.0,287,member,12
74,1,5.0,5.0,578,leader,1
74,2,10.0,10.0,526,member,1
74,3,15.0,8.0,676,member,1
74,4,8.0,18.0,426,member,1
74,5,20.0,20.0,326,isolated,5
74,6,50.0,50.0,678,leader,6
74,7,55.0,52.0,626,member,6
74,8,60.0,48.0,576,member,6
74,9,58.0,60.0,226,member,6
74,11,95.0,95.0,90,leader,11
74,12,30.0,70.0,198,leader,12
74,13,35.0,72.0,306,member,12
74,14,40.0,68.0,286,member,12
75,1,5.0,5.0,575,leader,1
75,2,10.0,10.0,525,member,1
75,3,15.0,8.0,675,member,1
75,4,8.0,18.0,425,member,1
75,5,20.0,20.0,325,isolated,5
75,6,50.0,50.0,675,leader,6
75,7,55.0,52.0,625,member,6
75,8,60.0,48.0,575,member,6
75,9,58.0,60.0,225,member,6
75,11,95.0,95.0,87,leader,11
75,12,30.0,70.0,195,leader,12
75,13,35.0,72.0,305,member,12
75,14,40.0,68.0,285,member,12
76,1,5.0,5.0,572,leader,1
76,2,10.0,10.0,524,member,1
76,3,15.0,8.0,674,member,1
76,4,8.0,18.0,424,member,1
76,5,20.0,20.0,324,isolated,5
76,6,50.0,50.0,672,leader,6
76,7,55.0,52.0,624,member,6
76,8,60.0,48.0,574,member,6
76,9,58.0,60.0,224,member,6
76,11,95.0,95.0,84,leader,11
76,12,30.0,70.0,192,leader,12
76,13,35.0,72.0,304,member,12
76,14,40.0,68.0,284,member,12
77,1,5.0,5.0,569,leader,1
77,2,10.0,10.0,523,member,1
77,3,15.0,8.0,673,member,1
77,4,8.0,18.0,423,member,1
77,5,20.0,20.0,323,isolated,5
77,6,50.0,50.0,669,leader,6
77,7,55.0,52.0,623,member,6
77,8,60.0,48.0,573,member,6
77,9,58.0,60.0,223,member,6
77,11,95.0,95.0,81,leader,11
77,12,30.0,70.0,189,leader,12
77,13,35.0,72.0,303,member,12
77,14,40.0,68.0,283,member,12
78,1,5.0,5.0,566,leader,1
78,2,10.0,10.0,522,member,1
78,3,15.0,8.0,672,member,1
78,4,8.0,18.0,422,member,1
78,5,20.0,20.0,322,isolated,5
78,6,50.0,50.0,666,leader,6
78,7,55.0,52.0,622,member,6
78,8,60.0,48.0,572,member,6
78,9,58.0,60.0,222,member,6
78,11,95.0,95.0,78,leader,11
78,12,30.0,70.0,186,leader,12
78,13,35.0,72.0,302,member,12
78,14,40.0,68.0,282,member,12
79,1,5.0,5.0,563,leader,1
79,2,10.0,10.0,521,member,1
79,3,15.0,8.0,671,member,1
79,4,8.0,18.0,421,member,1
79,5,20.0,20.0,321,isolated,5
79,6,50.0,50.0,663,leader,6
79,7,55.0,52.0,621,member,6
79,8,60.0,48.0,571,member,6
79,9,58.0,60.0,221,member,6
79,11,95.0,95.0,75,leader,11
79,12,30.0,70.0,183,leader,12
79,13,35.0,72.0,301,member,12
79,14,40.0,68.0,281,member,12
80,1,5.0,5.0,560,leader,1
80,2,10.0,10.0,520,member,1
80,3,15.0,8.0,670,member,1
80,4,8.0,18.0,420,member,1
80,5,20.0,20.0,320,isolated,5
80,6,50.0,50.0,660,leader,6
80,7,55.0,52.0,620,member,6
80,8,60.0,48.0,570,member,6
80,9,58.0,60.0,220,member,6
80,11,95.0,95.0,72,leader,11
80,12,30.0,70.0,180,leader,12
80,13,35.0,72.0,300,member,12
80,14,40.0,68.0,280,member,12
81,1,5.0,5.0,557,leader,1
81,2,10.0,10.0,519,member,1
81,3,15.0,8.0,669,member,1
81,4,8.0,18.0,419,member,1
81,5,20.0,20.0,319,isolated,5
81,6,50.0,50.0,657,leader,6
81,7,55.0,52.0,619,member,6
81,8,60.0,48.0,569,member,6
81,9,58.0,60.0,219,member,6
81,11,95.0,95.0,69,leader,11
81,12,30.0,70.0,177,leader,12
81,13,35.0,72.0,299,member,12
81,14,40.0,68.0,279,member,12
82,1,5.0,5.0,554,leader,1
82,2,10.0,10.0,518,member,1
82,3,15.0,8.0,668,member,1
82,4,8.0,18.0,418,member,1
82,5,20.0,20.0,318,isolated,5
82,6,50.0,50.0,654,leader,6
82,7,55.0,52.0,618,member,6
82,8,60.0,48.0,568,member,6
82,9,58.0,60.0,218,member,6
82,11,95.0,95.0,66,leader,11
82,12,30.0,70.0,174,leader,12
82,13,35.0,72.0,298,member,12
82,14,40.0,68.0,278,member,12
83,1,5.0,5.0,551,leader,1
83,2,10.0,10.0,517,member,1
83,3,15.0,8.0,667,member,1
83,4,8.0,18.0,417,member,1
83,5,20.0,20.0,317,isolated,5
83,6,50.0,50.0,651,leader,6
83,7,55.0,52.0,617,member,6
83,8,60.0,48.0,567,member,6
83,9,58.0,60.0,217,member,6
83,11,95.0,95.0,63,leader,11
83,12,30.0,70.0,171,leader,12
83,13,35.0,72.0,297,member,12
83,14,40.0,68.0,277,member,12
84,1,5.0,5.0,548,leader,1
84,2,10.0,10.0,516,member,1
84,3,15.0,8.0,666,member,1
84,4,8.0,18.0,416,member,1
84,5,20.0,20.0,316,isolated,5
84,6,50.0,50.0,648,leader,6
84,7,55.0,52.0,616,member,6
84,8,60.0,48.0,566,member,6
84,9,58.0,60.0,216,member,6
84,11,95.0,95.0,60,leader,11
84,12,30.0,70.0,168,leader,12
84,13,35.0,72.0,296,member,12
84,14,40.0,68.0,276,member,12
85,1,5.0,5.0,545,leader,1
85,2,10.0,10.0,515,member,1
85,3,15.0,8.0,665,member,1
85,4,8.0,18.0,415,member,1
85,5,20.0,20.0,315,isolated,5
85,6,50.0,50.0,645,leader,6
85,7,55.0,52.0,615,member,6
85,8,60.0,48.0,565,member,6
85,9,58.0,60.0,215,member,6
85,11,95.0,95.0,57,leader,11
85,12,30.0,70.0,165,leader,12
85,13,35.0,72.0,295,member,12
85,14,40.0,68.0,275,member,12
86,1,5.0,5.0,542,leader,1
86,2,10.0,10.0,514,member,1
86,3,15.0,8.0,664,member,1
86,4,8.0,18.0,414,member,1
86,5,20.0,20.0,314,isolated,5
86,6,50.0,50.0,642,leader,6
86,7,55.0,52.0,614,member,6
86,8,60.0,48.0,564,member,6
86,9,58.0,60.0,214,member,6
86,11,95.0,95.0,54,leader,11
86,12,30.0,70.0,162,leader,12
86,13,35.0,72.0,294,member,12
86,14,40.0,68.0,274,member,12
87,1,5.0,5.0,539,leader,1
87,2,10.0,10.0,513,member,1
87,3,15.0,8.0,663,member,1
87,4,8.0,18.0,413,member,1
87,5,20.0,20.0,313,isolated,5
87,6,50.0,50.0,639,leader,6
87,7,55.0,52.0,613,member,6
87,8,60.0,48.0,563,member,6
87,9,58.0,60.0,213,member,6
87,11,95.0,95.0,51,leader,11
87,12,30.0,70.0,159,leader,12
87,13,35.0,72.0,293,member,12
87,14,40.0,68.0,273,member,12
88,1,5.0,5.0,536,leader,1
88,2,10.0,10.0,512,member,1
88,3,15.0,8.0,662,member,1
88,4,8.0,18.0,412,member,1
88,5,20.0,20.0,312,isolated,5
88,6,50.0,50.0,636,leader,6
88,7,55.0,52.0,612,member,6
88,8,60.0,48.0,562,member,6
88,9,58.0,60.0,212,member,6
88,11,95.0,95.0,48,leader,11
88,12,30.0,70.0,156,leader,12
88,13,35.0,72.0,292,member,12
88,14,40.0,68.0,272,member,12
89,1,5.0,5.0,533,leader,1
89,2,10.0,10.0,511,member,1
89,3,15.0,8.0,661,member,1
89,4,8.0,18.0,411,member,1
89,5,20.0,20.0,311,isolated,5
89,6,50.0,50.0,633,leader,6
89,7,55.0,52.0,611,member,6
89,8,60.0,48.0,561,member,6
89,9,58.0,60.0,211,member,6
89,11,95.0,95.0,45,leader,11
89,12,30.0,70.0,153,leader,12
89,13,35.0,72.0,291,member,12
89,14,40.0,68.0,271,member,12
90,1,5.0,5.0,530,leader,1
90,2,10.0,10.0,510,member,1
90,3,15.0,8.0,660,member,1
90,4,8.0,18.0,410,member,1
90,5,20.0,20.0,310,isolated,5
90,6,50.0,50.0,630,leader,6
90,7,55.0,52.0,610,member,6
90,8,60.0,48.0,560,member,6
90,9,58.0,60.0,210,member,6
90,11,95.0,95.0,42,leader,11
90,12,30.0,70.0,150,leader,12
90,13,35.0,72.0,290,member,12
90,14,40.0,68.0,270,member,12
91,1,5.0,5.0,527,leader,1
91,2,10.0,10.0,509,member,1
91,3,15.0,8.0,659,member,1
91,4,8.0,18.0,409,member,1
91,5,20.0,20.0,309,isolated,5
91,6,50.0,50.0,627,leader,6
91,7,55.0,52.0,609,member,6
91,8,60.0,48.0,559,member,6
91,9,58.0,60.0,209,member,6
91,11,95.0,95.0,39,leader,11
91,12,30.0,70.0,147,leader,12
91,13,35.0,72.0,289,member,12
91,14,40.0,68.0,269,member,12
92,1,5.0,5.0,524,leader,1
92,2,10.0,10.0,508,member,1
92,3,15.0,8.0,658,member,1
92,4,8.0,18.0,408,member,1
92,5,20.0,20.0,308,isolated,5
92,6,50.0,50.0,624,leader,6
92,7,55.0,52.0,608,member,6
92,8,60.0,48.0,558,member,6
92,9,58.0,60.0,208,member,6
92,11,95.0,95.0,36,leader,11
92,12,30.0,70.0,144,leader,12
92,13,35.0,72.0,288,member,12
92,14,40.0,68.0,268,member,12
93,1,5.0,5.0,521,leader,1
93,2,10.0,10.0,507,member,1
93,3,15.0,8.0,657,member,1
93,4,8.0,18.0,407,member,1
93,5,20.0,20.0,307,isolated,5
93,6,50.0,50.0,621,leader,6
93,7,55.0,52.0,607,member,6
93,8,60.0,48.0,557,member,6
93,9,58.0,60.0,207,member,6
93,11,95.0,95.0,33,leader,11
93,12,30.0,70.0,141,leader,12
93,13,35.0,72.0,287,member,12
93,14,40.0,68.0,267,member,12
94,1,5.0,5.0,518,leader,1
94,2,10.0,10.0,506,member,1
94,3,15.0,8.0,656,member,1
94,4,8.0,18.0,406,member,1
94,5,20.0,20.0,306,isolated,5
94,6,50.0,50.0,618,leader,6
94,7,55.0,52.0,606,member,6
94,8,60.0,48.0,556,member,6
94,9,58.0,60.0,206,member,6
94,11,95.0,95.0,30,leader,11
94,12,30.0,70.0,138,leader,12
94,13,35.0,72.0,286,member,12
94,14,40.0,68.0,266,member,12
95,1,5.0,5.0,515,leader,1
95,2,10.0,10.0,505,member,1
95,3,15.0,8.0,655,member,1
95,4,8.0,18.0,405,member,1
95,5,20.0,20.0,305,isolated,5
95,6,50.0,50.0,615,leader,6
95,7,55.0,52.0,605,member,6
95,8,60.0,48.0,555,member,6
95,9,58.0,60.0,205,member,6
95,11,95.0,95.0,27,leader,11
95,12,30.0,70.0,135,leader,12
95,13,35.0,72.0,285,member,12
95,14,40.0,68.0,265,member,12
96,1,5.0,5.0,512,leader,1
96,2,10.0,10.0,504,member,1
96,3,15.0,8.0,654,member,1
96,4,8.0,18.0,404,member,1
96,5,20.0,20.0,304,isolated,5
96,6,50.0,50.0,612,leader,6
96,7,55.0,52.0,604,member,6
96,8,60.0,48.0,554,member,6
96,9,58.0,60.0,204,member,6
96,11,95.0,95.0,24,leader,11
96,12,30.0,70.0,132,leader,12
96,13,35.0,72.0,284,member,12
96,14,40.0,68.0,264,member,12
97,1,5.0,5.0,509,leader,1
97,2,10.0,10.0,503,member,1
97,3,15.0,8.0,653,member,1
97,4,8.0,18.0,403,member,1
97,5,20.0,20.0,303,isolated,5
97,6,50.0,50.0,609,leader,6
97,7,55.0,52.0,603,member,6
97,8,60.0,48.0,553,member,6
97,9,58.0,60.0,203,member,6
97,11,95.0,95.0,21,leader,11
97,12,30.0,70.0,129,leader,12
97,13,35.0,72.0,283,member,12
97,14,40.0,68.0,263,member,12
98,1,5.0,5.0,506,leader,1
98,2,10.0,10.0,502,member,1
98,3,15.0,8.0,652,member,1
98,4,8.0,18.0,402,member,1
98,5,20.0,20.0,302,isolated,5
98,6,50.0,50.0,606,leader,6
98,7,55.0,52.0,602,member,6
98,8,60.0,48.0,552,member,6
98,9,58.0,60.0,202,member,6
98,11,95.0,95.0,18,leader,11
98,12,30.0,70.0,126,leader,12
98,13,35.0,72.0,282,member,12
98,14,40.0,68.0,262,member,12
99,1,5.0,5.0,503,leader,1
99,2,10.0,10.0,501,member,1
99,3,15.0,8.0,651,member,1
99,4,8.0,18.0,401,member,1
99,5,20.0,20.0,301,isolated,5
99,6,50.0,50.0,603,leader,6
99,7,55.0,52.0,601,member,6
99,8,60.0,48.0,551,member,6
99,9,58.0,60.0,201,member,6
99,11,95.0,95.0,15,leader,11
99,12,30.0,70.0,123,leader,12
99,13,35.0,72.0,281,member,12
99,14,40.0,68.0,261,member,12
100,1,5.0,5.0,500,leader,1
100,2,10.0,10.0,500,member,1
100,3,15.0,8.0,650,member,1
100,4,8.0,18.0,400,member,1
100,5,20.0,20.0,300,isolated,5
100,6,50.0,50.0,600,leader,6
100,7,55.0,52.0,600,member,6
100,8,60.0,48.0,550,member,6
100,9,58.0,60.0,200,member,6
100,11,95.0,95.0,12,leader,11
100,12,30.0,70.0,120,leader,12
100,13,35.0,72.0,280,member,12
100,14,40.0,68.0,260,member,12
101,1,5.0,5.0,497,leader,1
101,2,10.0,10.0,499,member,1
101,3,15.0,8.0,649,member,1
101,4,8.0,18.0,399,member,1
101,5,20.0,20.0,299,isolated,5
101,6,50.0,50.0,597,leader,6
101,7,55.0,52.0,599,member,6
101,8,60.0,48.0,549,member,6
101,9,58.0,60.0,199,member,6
101,11,95.0,95.0,9,leader,11
101,12,30.0,70.0,117,leader,12
101,13,35.0,72.0,279,member,12
101,14,40.0,68.0,259,member,12
102,1,5.0,5.0,494,leader,1
102,2,10.0,10.0,498,member,1
102,3,15.0,8.0,648,member,1
102,4,8.0,18.0,398,member,1
102,5,20.0,20.0,298,isolated,5
102,6,50.0,50.0,594,leader,6
102,7,55.0,52.0,598,member,6
102,8,60.0,48.0,548,member,6
102,9,58.0,60.0,198,member,6
102,11,95.0,95.0,6,leader,11
102,12,30.0,70.0,114,leader,12
102,13,35.0,72.0,278,member,12
102,14,40.0,68.0,258,member,12
103,1,5.0,5.0,491,leader,1
103,2,10.0,10.0,497,member,1
103,3,15.0,8.0,647,member,1
103,4,8.0,18.0,397,member,1
103,5,20.0,20.0,297,isolated,5
103,6,50.0,50.0,591,leader,6
103,7,55.0,52.0,597,member,6
103,8,60.0,48.0,547,member,6
103,9,58.0,60.0,197,member,6
103,11,95.0,95.0,3,leader,11
103,12,30.0,70.0,111,leader,12
103,13,35.0,72.0,277,member,12
103,14,40.0,68.0,257,member,12
104,1,5.0,5.0,488,leader,1
104,2,10.0,10.0,496,member,1
104,3,15.0,8.0,646,member,1
104,4,8.0,18.0,396,member,1
104,5,20.0,20.0,296,isolated,5
104,6,50.0,50.0,588,leader,6
104,7,55.0,52.0,596,member,6
104,8,60.0,48.0,546,member,6
104,9,58.0,60.0,196,member,6
104,12,30.0,70.0,108,leader,12
104,13,35.0,72.0,276,member,12
104,14,40.0,68.0,256,member,12
104,11,95.0,95.0,0,leader,11
105,1,5.0,5.0,485,leader,1
105,2,10.0,10.0,495,member,1
105,3,15.0,8.0,645,member,1
105,4,8.0,18.0,395,member,1
105,5,20.0,20.0,295,isolated,5
105,6,50.0,50.0,585,leader,6
105,7,55.0,52.0,595,member,6
105,8,60.0,48.0,545,member,6
105,9,58.0,60.0,195,member,6
105,12,30.0,70.0,105,leader,12
105,13,35.0,72.0,275,member,12
105,14,40.0,68.0,255,member,12
106,1,5.0,5.0,482,leader,1
106,2,10.0,10.0,494,member,1
106,3,15.0,8.0,644,member,1
106,4,8.0,18.0,394,member,1
106,5,20.0,20.0,294,isolated,5
106,6,50.0,50.0,582,leader,6
106,7,55.0,52.0,594,member,6
106,8,60.0,48.0,544,member,6
106,9,58.0,60.0,194,member,6
106,12,30.0,70.0,102,leader,12
106,13,35.0,72.0,274,member,12
106,14,40.0,68.0,254,member,12
107,1,5.0,5.0,479,leader,1
107,2,10.0,10.0,493,member,1
107,3,15.0,8.0,643,member,1
107,4,8.0,18.0,393,member,1
107,5,20.0,20.0,293,isolated,5
107,6,50.0,50.0,579,leader,6
107,7,55.0,52.0,593,member,6
107,8,60.0,48.0,543,member,6
107,9,58.0,60.0,193,member,6
107,12,30.0,70.0,99,leader,12
107,13,35.0,72.0,273,member,12
107,14,40.0,68.0,253,member,12
108,1,5.0,5.0,476,leader,1
108,2,10.0,10.0,492,member,1
108,3,15.0,8.0,642,member,1
108,4,8.0,18.0,392,member,1
108,5,20.0,20.0,292,isolated,5
108,6,50.0,50.0,576,leader,6
108,7,55.0,52.0,592,member,6
108,8,60.0,48.0,542,member,6
108,9,58.0,60.0,192,member,6
108,12,30.0,70.0,96,leader,12
108,13,35.0,72.0,272,member,12
108,14,40.0,68.0,252,member,12
109,1,5.0,5.0,473,leader,1
109,2,10.0,10.0,491,member,1
109,3,15.0,8.0,641,member,1
109,4,8.0,18.0,391,member,1
109,5,20.0,20.0,291,isolated,5
109,6,50.0,50.0,573,leader,6
109,7,55.0,52.0,591,member,6
109,8,60.0,48.0,541,member,6
109,9,58.0,60.0,191,member,6
109,12,30.0,70.0,93,leader,12
109,13,35.0,72.0,271,member,12
109,14,40.0,68.0,251,member,12
110,1,5.0,5.0,470,leader,1
110,2,10.0,10.0,490,member,1
110,3,15.0,8.0,640,member,1
110,4,8.0,18.0,390,member,1
110,5,20.0,20.0,290,isolated,5
110,6,50.0,50.0,570,leader,6
110,7,55.0,52.0,590,member,6
110,8,60.0,48.0,540,member,6
110,9,58.0,60.0,190,member,6
110,12,30.0,70.0,90,leader,12
110,13,35.0,72.0,270,member,12
110,14,40.0,68.0,250,member,12
111,1,5.0,5.0,467,leader,1
111,2,10.0,10.0,489,member,1
111,3,15.0,8.0,639,member,1
111,4,8.0,18.0,389,member,1
111,5,20.0,20.0,289,isolated,5
111,6,50.0,50.0,567,leader,6
111,7,55.0,52.0,589,member,6
111,8,60.0,48.0,539,member,6
111,9,58.0,60.0,189,member,6
111,12,30.0,70.0,87,leader,12
111,13,35.0,72.0,269,member,12
111,14,40.0,68.0,249,member,12
112,1,5.0,5.0,464,leader,1
112,2,10.0,10.0,488,member,1
112,3,15.0,8.0,638,member,1
112,4,8.0,18.0,388,member,1
112,5,20.0,20.0,288,isolated,5
112,6,50.0,50.0,564,leader,6
112,7,55.0,52.0,588,member,6
112,8,60.0,48.0,538,member,6
112,9,58.0,60.0,188,member,6
112,12,30.0,70.0,84,leader,12
112,13,35.0,72.0,268,member,12
112,14,40.0,68.0,248,member,12
113,1,5.0,5.0,461,leader,1
113,2,10.0,10.0,487,member,1
113,3,15.0,8.0,637,member,1
113,4,8.0,18.0,387,member,1
113,5,20.0,20.0,287,isolated,5
113,6,50.0,50.0,561,leader,6
113,7,55.0,52.0,587,member,6
113,8,60.0,48.0,537,member,6
113,9,58.0,60.0,187,member,6
113,12,30.0,70.0,81,leader,12
113,13,35.0,72.0,267,member,12
113,14,40.0,68.0,247,member,12
114,1,5.0,5.0,458,leader,1
114,2,10.0,10.0,486,member,1
114,3,15.0,8.0,636,member,1
114,4,8.0,18.0,386,member,1
114,5,20.0,20.0,286,isolated,5
114,6,50.0,50.0,558,leader,6
114,7,55.0,52.0,586,member,6
114,8,60.0,48.0,536,member,6
114,9,58.0,60.0,186,member,6
114,12,30.0,70.0,78,leader,12
114,13,35.0,72.0,266,member,12
114,14,40.0,68.0,246,member,12
115,1,5.0,5.0,455,leader,1
115,2,10.0,10.0,485,member,1
115,3,15.0,8.0,635,member,1
115,4,8.0,18.0,385,member,1
115,5,20.0,20.0,285,isolated,5
115,6,50.0,50.0,555,leader,6
115,7,55.0,52.0,585,member,6
115,8,60.0,48.0,535,member,6
115,9,58.0,60.0,185,member,6
115,12,30.0,70.0,75,leader,12
115,13,35.0,72.0,265,member,12
115,14,40.0,68.0,245,member,12
116,1,5.0,5.0,452,leader,1
116,2,10.0,10.0,484,member,1
116,3,15.0,8.0,634,member,1
116,4,8.0,18.0,384,member,1
116,5,20.0,20.0,284,isolated,5
116,6,50.0,50.0,552,leader,6
116,7,55.0,52.0,584,member,6
116,8,60.0,48.0,534,member,6
116,9,58.0,60.0,184,member,6
116,12,30.0,70.0,72,leader,12
116,13,35.0,72.0,264,member,12
116,14,40.0,68.0,244,member,12
117,1,5.0,5.0,449,leader,1
117,2,10.0,10.0,483,member,1
117,3,15.0,8.0,633,member,1
117,4,8.0,18.0,383,member,1
117,5,20.0,20.0,283,isolated,5
117,6,50.0,50.0,549,leader,6
117,7,55.0,52.0,583,member,6
117,8,60.0,48.0,533,member,6
117,9,58.0,60.0,183,member,6
117,12,30.0,70.0,69,leader,12
117,13,35.0,72.0,263,member,12
117,14,40.0,68.0,243,member,12
118,1,5.0,5.0,446,leader,1
118,2,10.0,10.0,482,member,1
118,3,15.0,8.0,632,member,1
118,4,8.0,18.0,382,member,1
118,5,20.0,20.0,282,isolated,5
118,6,50.0,50.0,546,leader,6
118,7,55.0,52.0,582,member,6
118,8,60.0,48.0,532,member,6
118,9,58.0,60.0,182,member,6
118,12,30.0,70.0,66,leader,12
118,13,35.0,72.0,262,member,12
118,14,40.0,68.0,242,member,12
119,1,5.0,5.0,443,leader,1
119,2,10.0,10.0,481,member,1
119,3,15.0,8.0,631,member,1
119,4,8.0,18.0,381,member,1
119,5,20.0,20.0,281,isolated,5
119,6,50.0,50.0,543,leader,6
119,7,55.0,52.0,581,member,6
119,8,60.0,48.0,531,member,6
119,9,58.0,60.0,181,member,6
119,12,30.0,70.0,63,leader,12
119,13,35.0,72.0,261,member,12
119,14,40.0,68.0,241,member,12
120,1,5.0,5.0,440,leader,1
120,2,10.0,10.0,480,member,1
120,3,15.0,8.0,630,member,1
120,4,8.0,18.0,380,member,1
120,5,20.0,20.0,280,isolated,5
120,6,50.0,50.0,540,leader,6
120,7,55.0,52.0,580,member,6
120,8,60.0,48.0,530,member,6
120,9,58.0,60.0,180,member,6
120,12,30.0,70.0,60,leader,12
120,13,35.0,72.0,260,member,12
120,14,40.0,68.0,240,member,12
121,1,5.0,5.0,437,leader,1
121,2,10.0,10.0,479,member,1
121,3,15.0,8.0,629,member,1
121,4,8.0,18.0,379,member,1
121,5,20.0,20.0,279,isolated,5
121,6,50.0,50.0,537,leader,6
121,7,55.0,52.0,579,member,6
121,8,60.0,48.0,529,member,6
121,9,58.0,60.0,179,member,6
121,12,30.0,70.0,57,leader,12
121,13,35.0,72.0,259,member,12
121,14,40.0,68.0,239,member,12
122,1,5.0,5.0,434,leader,1
122,2,10.0,10.0,478,member,1
122,3,15.0,8.0,628,member,1
122,4,8.0,18.0,378,member,1
122,5,20.0,20.0,278,isolated,5
122,6,50.0,50.0,534,leader,6
122,7,55.0,52.0,578,member,6
122,8,60.0,48.0,528,member,6
122,9,58.0,60.0,178,member,6
122,12,30.0,70.0,54,leader,12
122,13,35.0,72.0,258,member,12
122,14,40.0,68.0,238,member,12
123,1,5.0,5.0,431,leader,1
123,2,10.0,10.0,477,member,1
123,3,15.0,8.0,627,member,1
123,4,8.0,18.0,377,member,1
123,5,20.0,20.0,277,isolated,5
123,6,50.0,50.0,531,leader,6
123,7,55.0,52.0,577,member,6
123,8,60.0,48.0,527,member,6
123,9,58.0,60.0,177,member,6
123,12,30.0,70.0,51,leader,12
123,13,35.0,72.0,257,member,12
123,14,40.0,68.0,237,member,12
124,1,5.0,5.0,428,leader,1
124,2,10.0,10.0,476,member,1
124,3,15.0,8.0,626,member,1
124,4,8.0,18.0,376,member,1
124,5,20.0,20.0,276,isolated,5
124,6,50.0,50.0,528,leader,6
124,7,55.0,52.0,576,member,6
124,8,60.0,48.0,526,member,6
124,9,58.0,60.0,176,member,6
124,12,30.0,70.0,48,leader,12
124,13,35.0,72.0,256,member,12
124,14,40.0,68.0,236,member,12
125,1,5.0,5.0,425,leader,1
125,2,10.0,10.0,475,member,1
125,3,15.0,8.0,625,member,1
125,4,8.0,18.0,375,member,1
125,5,20.0,20.0,275,isolated,5
125,6,50.0,50.0,525,leader,6
125,7,55.0,52.0,575,member,6
125,8,60.0,48.0,525,member,6
125,9,58.0,60.0,175,member,6
125,12,30.0,70.0,45,leader,12
125,13,35.0,72.0,255,member,12
125,14,40.0,68.0,235,member,12
126,1,5.0,5.0,422,leader,1
126,2,10.0,10.0,474,member,1
126,3,15.0,8.0,624,member,1
126,4,8.0,18.0,374,member,1
126,5,20.0,20.0,274,isolated,5
126,6,50.0,50.0,522,leader,6
126,7,55.0,52.0,574,member,6
126,8,60.0,48.0,524,member,6
126,9,58.0,60.0,174,member,6
126,12,30.0,70.0,42,leader,12
126,13,35.0,72.0,254,member,12
126,14,40.0,68.0,234,member,12
127,1,5.0,5.0,419,leader,1
127,2,10.0,10.0,473,member,1
127,3,15.0,8.0,623,member,1
127,4,8.0,18.0,373,member,1
127,5,20.0,20.0,273,isolated,5
127,6,50.0,50.0,519,leader,6
127,7,55.0,52.0,573,member,6
127,8,60.0,48.0,523,member,6
127,9,58.0,60.0,173,member,6
127,12,30.0,70.0,39,leader,12
127,13,35.0,72.0,253,member,12
127,14,40.0,68.0,233,member,12
128,1,5.0,5.0,416,leader,1
128,2,10.0,10.0,472,member,1
128,3,15.0,8.0,622,member,1
128,4,8.0,18.0,372,member,1
128,5,20.0,20.0,272,isolated,5
128,6,50.0,50.0,516,leader,6
128,7,55.0,52.0,572,member,6
128,8,60.0,48.0,522,member,6
128,9,58.0,60.0,172,member,6
128,12,30.0,70.0,36,leader,12
128,13,35.0,72.0,252,member,12
128,14,40.0,68.0,232,member,12
129,1,5.0,5.0,413,leader,1
129,2,10.0,10.0,471,member,1
129,3,15.0,8.0,621,member,1
129,4,8.0,18.0,371,member,1
129,5,20.0,20.0,271,isolated,5
129,6,50.0,50.0,513,leader,6
129,7,55.0,52.0,571,member,6
129,8,60.0,48.0,521,member,6
129,9,58.0,60.0,171,member,6
129,12,30.0,70.0,33,leader,12
129,13,35.0,72.0,251,member,12
129,14,40.0,68.0,231,member,12
130,1,5.0,5.0,410,leader,1
130,2,10.0,10.0,470,member,1
130,3,15.0,8.0,620,member,1
130,4,8.0,18.0,370,member,1
130,5,20.0,20.0,270,isolated,5
130,6,50.0,50.0,510,leader,6
130,7,55.0,52.0,570,member,6
130,8,60.0,48.0,520,member,6
130,9,58.0,60.0,170,member,6
130,12,30.0,70.0,30,leader,12
130,13,35.0,72.0,250,member,12
130,14,40.0,68.0,230,member,12
131,1,5.0,5.0,407,leader,1
131,2,10.0,10.0,469,member,1
131,3,15.0,8.0,619,member,1
131,4,8.0,18.0,369,member,1
131,5,20.0,20.0,269,isolated,5
131,6,50.0,50.0,507,leader,6
131,7,55.0,52.0,569,member,6
131,8,60.0,48.0,519,member,6
131,9,58.0,60.0,169,member,6
131,12,30.0,70.0,27,leader,12
131,13,35.0,72.0,249,member,12
131,14,40.0,68.0,229,member,12
132,1,5.0,5.0,404,leader,1
132,2,10.0,10.0,468,member,1
132,3,15.0,8.0,618,member,1
132,4,8.0,18.0,368,member,1
132,5,20.0,20.0,268,isolated,5
132,6,50.0,50.0,504,leader,6
132,7,55.0,52.0,568,member,6
132,8,60.0,48.0,518,member,6
132,9,58.0,60.0,168,member,6
132,12,30.0,70.0,24,leader,12
132,13,35.0,72.0,248,member,12
132,14,40.0,68.0,228,member,12
133,1,5.0,5.0,401,leader,1
133,2,10.0,10.0,467,member,1
133,3,15.0,8.0,617,member,1
133,4,8.0,18.0,367,member,1
133,5,20.0,20.0,267,isolated,5
133,6,50.0,50.0,501,leader,6
133,7,55.0,52.0,567,member,6
133,8,60.0,48.0,517,member,6
133,9,58.0,60.0,167,member,6
133,12,30.0,70.0,21,leader,12
133,13,35.0,72.0,247,member,12
133,14,40.0,68.0,227,member,12
134,1,5.0,5.0,398,leader,1
134,2,10.0,10.0,466,member,1
134,3,15.0,8.0,616,member,1
134,4,8.0,18.0,366,member,1
134,5,20.0,20.0,266,isolated,5
134,6,50.0,50.0,498,leader,6
134,7,55.0,52.0,566,member,6
134,8,60.0,48.0,516,member,6
134,9,58.0,60.0,166,member,6
134,12,30.0,70.0,18,leader,12
134,13,35.0,72.0,246,member,12
134,14,40.0,68.0,226,member,12
135,1,5.0,5.0,395,leader,1
135,2,10.0,10.0,465,member,1
135,3,15.0,8.0,615,member,1
135,4,8.0,18.0,365,member,1
135,5,20.0,20.0,265,isolated,5
135,6,50.0,50.0,495,leader,6
135,7,55.0,52.0,565,member,6
135,8,60.0,48.0,515,member,6
135,9,58.0,60.0,165,member,6
135,12,30.0,70.0,15,leader,12
135,13,35.0,72.0,245,member,12
135,14,40.0,68.0,225,member,12
136,1,5.0,5.0,392,leader,1
136,2,10.0,10.0,464,member,1
136,3,15.0,8.0,614,member,1
136,4,8.0,18.0,364,member,1
136,5,20.0,20.0,264,isolated,5
136,6,50.0,50.0,492,leader,6
136,7,55.0,52.0,564,member,6
136,8,60.0,48.0,514,member,6
136,9,58.0,60.0,164,member,6
136,12,30.0,70.0,12,leader,12
136,13,35.0,72.0,244,member,12
136,14,40.0,68.0,224,member,12
137,1,5.0,5.0,389,leader,1
137,2,10.0,10.0,463,member,1
137,3,15.0,8.0,613,member,1
137,4,8.0,18.0,363,member,1
137,5,20.0,20.0,263,isolated,5
137,6,50.0,50.0,489,leader,6
137,7,55.0,52.0,563,member,6
137,8,60.0,48.0,513,member,6
137,9,58.0,60.0,163,member,6
137,12,30.0,70.0,9,leader,12
137,13,35.0,72.0,243,member,12
137,14,40.0,68.0,223,member,12
138,1,5.0,5.0,386,leader,1
138,2,10.0,10.0,462,member,1
138,3,15.0,8.0,612,member,1
138,4,8.0,18.0,362,member,1
138,5,20.0,20.0,262,isolated,5
138,6,50.0,50.0,486,leader,6
138,7,55.0,52.0,562,member,6
138,8,60.0,48.0,512,member,6
138,9,58.0,60.0,162,member,6
138,12,30.0,70.0,6,leader,12
138,13,35.0,72.0,242,member,12
138,14,40.0,68.0,222,member,12
139,1,5.0,5.0,383,leader,1
139,2,10.0,10.0,461,member,1
139,3,15.0,8.0,611,member,1
139,4,8.0,18.0,361,member,1
139,5,20.0,20.0,261,isolated,5
139,6,50.0,50.0,483,leader,6
139,7,55.0,52.0,561,member,6
139,8,60.0,48.0,511,member,6
139,9,58.0,60.0,161,member,6
139,12,30.0,70.0,3,leader,12
139,13,35.0,72.0,241,member,12
139,14,40.0,68.0,221,member,12
140,1,5.0,5.0,380,leader,1
140,2,10.0,10.0,460,member,1
140,3,15.0,8.0,610,member,1
140,4,8.0,18.0,360,member,1
140,5,20.0,20.0,260,isolated,5
140,6,50.0,50.0,480,leader,6
140,7,55.0,52.0,560,member,6
140,8,60.0,48.0,510,member,6
140,9,58.0,60.0,160,member,6
140,13,35.0,72.0,238,leader,13
140,14,40.0,68.0,218,member,13
140,12,30.0,70.0,0,leader,12
141,1,5.0,5.0,377,leader,1
141,2,10.0,10.0,459,member,1
141,3,15.0,8.0,609,member,1
141,4,8.0,18.0,359,member,1
141,5,20.0,20.0,259,isolated,5
141,6,50.0,50.0,477,leader,6
141,7,55.0,52.0,559,member,6
141,8,60.0,48.0,509,member,6
141,9,58.0,60.0,159,member,6
141,13,35.0,72.0,235,leader,13
141,14,40.0,68.0,217,member,13
142,1,5.0,5.0,374,leader,1
142,2,10.0,10.0,458,member,1
142,3,15.0,8.0,608,member,1
142,4,8.0,18.0,358,member,1
142,5,20.0,20.0,258,isolated,5
142,6,50.0,50.0,474,leader,6
142,7,55.0,52.0,558,member,6
142,8,60.0,48.0,508,member,6
142,9,58.0,60.0,158,member,6
142,13,35.0,72.0,232,leader,13
142,14,40.0,68.0,216,member,13
143,1,5.0,5.0,371,leader,1
143,2,10.0,10.0,457,member,1
143,3,15.0,8.0,607,member,1
143,4,8.0,18.0,357,member,1
143,5,20.0,20.0,257,isolated,5
143,6,50.0,50.0,471,leader,6
143,7,55.0,52.0,557,member,6
143,8,60.0,48.0,507,member,6
143,9,58.0,60.0,157,member,6
143,13,35.0,72.0,229,leader,13
143,14,40.0,68.0,215,member,13
144,1,5.0,5.0,368,leader,1
144,2,10.0,10.0,456,member,1
144,3,15.0,8.0,606,member,1
144,4,8.0,18.0,356,member,1
144,5,20.0,20.0,256,isolated,5
144,6,50.0,50.0,468,leader,6
144,7,55.0,52.0,556,member,6
144,8,60.0,48.0,506,member,6
144,9,58.0,60.0,156,member,6
144,13,35.0,72.0,226,leader,13
144,14,40.0,68.0,214,member,13
145,1,5.0,5.0,365,leader,1
145,2,10.0,10.0,455,member,1
145,3,15.0,8.0,605,member,1
145,4,8.0,18.0,355,member,1
145,5,20.0,20.0,255,isolated,5
145,6,50.0,50.0,465,leader,6
145,7,55.0,52.0,555,member,6
145,8,60.0,48.0,505,member,6
145,9,58.0,60.0,155,member,6
145,13,35.0,72.0,223,leader,13
145,14,40.0,68.0,213,member,13
146,1,5.0,5.0,362,leader,1
146,2,10.0,10.0,454,member,1
146,3,15.0,8.0,604,member,1
146,4,8.0,18.0,354,member,1
146,5,20.0,20.0,254,isolated,5
146,6,50.0,50.0,462,leader,6
146,7,55.0,52.0,554,member,6
146,8,60.0,48.0,504,member,6
146,9,58.0,60.0,154,member,6
146,13,35.0,72.0,220,leader,13
146,14,40.0,68.0,212,member,13
147,1,5.0,5.0,359,leader,1
147,2,10.0,10.0,453,member,1
147,3,15.0,8.0,603,member,1
147,4,8.0,18.0,353,member,1
147,5,20.0,20.0,253,isolated,5
147,6,50.0,50.0,459,leader,6
147,7,55.0,52.0,553,member,6
147,8,60.0,48.0,503,member,6
147,9,58.0,60.0,153,member,6
147,13,35.0,72.0,217,leader,13
147,14,40.0,68.0,211,member,13
148,1,5.0,5.0,356,leader,1
148,2,10.0,10.0,452,member,1
148,3,15.0,8.0,602,member,1
148,4,8.0,18.0,352,member,1
148,5,20.0,20.0,252,isolated,5
148,6,50.0,50.0,456,leader,6
148,7,55.0,52.0,552,member,6
148,8,60.0,48.0,502,member,6
148,9,58.0,60.0,152,member,6
148,13,35.0,72.0,214,leader,13
148,14,40.0,68.0,210,member,13
149,1,5.0,5.0,353,leader,1
149,2,10.0,10.0,451,member,1
149,3,15.0,8.0,601,member,1
149,4,8.0,18.0,351,member,1
149,5,20.0,20.0,251,isolated,5
149,6,50.0,50.0,453,leader,6
149,7,55.0,52.0,551,member,6
149,8,60.0,48.0,501,member,6
149,9,58.0,60.0,151,member,6
149,13,35.0,72.0,211,leader,13
149,14,40.0,68.0,209,member,13
150,1,5.0,5.0,350,leader,1
150,2,10.0,10.0,450,member,1
150,3,15.0,8.0,600,member,1
150,4,8.0,18.0,350,member,1
150,5,20.0,20.0,250,isolated,5
150,6,50.0,50.0,450,leader,6
150,7,55.0,52.0,550,member,6
150,8,60.0,48.0,500,member,6
150,9,58.0,60.0,150,member,6
150,13,35.0,72.0,208,leader,13
150,14,40.0,68.0,208,member,13
151,1,5.0,5.0,347,leader,1
151,2,10.0,10.0,449,member,1
151,3,15.0,8.0,599,member,1
151,4,8.0,18.0,349,member,1
151,5,20.0,20.0,249,isolated,5
151,6,50.0,50.0,447,leader,6
151,7,55.0,52.0,549,member,6
151,8,60.0,48.0,499,member,6
151,9,58.0,60.0,149,member,6
151,13,35.0,72.0,205,leader,13
151,14,40.0,68.0,207,member,13
152,1,5.0,5.0,344,leader,1
152,2,10.0,10.0,448,member,1
152,3,15.0,8.0,598,member,1
152,4,8.0,18.0,348,member,1
152,5,20.0,20.0,248,isolated,5
152,6,50.0,50.0,444,leader,6
152,7,55.0,52.0,548,member,6
152,8,60.0,48.0,498,member,6
152,9,58.0,60.0,148,member,6
152,13,35.0,72.0,202,leader,13
152,14,40.0,68.0,206,member,13
153,1,5.0,5.0,341,leader,1
153,2,10.0,10.0,447,member,1
153,3,15.0,8.0,597,member,1
153,4,8.0,18.0,347,member,1
153,5,20.0,20.0,247,isolated,5
153,6,50.0,50.0,441,leader,6
153,7,55.0,52.0,547,member,6
153,8,60.0,48.0,497,member,6
153,9,58.0,60.0,147,member,6
153,13,35.0,72.0,199,leader,13
153,14,40.0,68.0,205,member,13
154,1,5.0,5.0,338,leader,1
154,2,10.0,10.0,446,member,1
154,3,15.0,8.0,596,member,1
154,4,8.0,18.0,346,member,1
154,5,20.0,20.0,246,isolated,5
154,6,50.0,50.0,438,leader,6
154,7,55.0,52.0,546,member,6
154,8,60.0,48.0,496,member,6
154,9,58.0,60.0,146,member,6
154,13,35.0,72.0,196,leader,13
154,14,40.0,68.0,204,member,13
155,1,5.0,5.0,335,leader,1
155,2,10.0,10.0,445,member,1
155,3,15.0,8.0,595,member,1
155,4,8.0,18.0,345,member,1
155,5,20.0,20.0,245,isolated,5
155,6,50.0,50.0,435,leader,6
155,7,55.0,52.0,545,member,6
155,8,60.0,48.0,495,member,6
155,9,58.0,60.0,145,member,6
155,13,35.0,72.0,193,leader,13
155,14,40.0,68.0,203,member,13
156,1,5.0,5.0,332,leader,1
156,2,10.0,10.0,444,member,1
156,3,15.0,8.0,594,member,1
156,4,8.0,18.0,344,member,1
156,5,20.0,20.0,244,isolated,5
156,6,50.0,50.0,432,leader,6
156,7,55.0,52.0,544,member,6
156,8,60.0,48.0,494,member,6
156,9,58.0,60.0,144,member,6
156,13,35.0,72.0,190,leader,13
156,14,40.0,68.0,202,member,13
157,1,5.0,5.0,329,leader,1
157,2,10.0,10.0,443,member,1
157,3,15.0,8.0,593,member,1
157,4,8.0,18.0,343,member,1
157,5,20.0,20.0,243,isolated,5
157,6,50.0,50.0,429,leader,6
157,7,55.0,52.0,543,member,6
157,8,60.0,48.0,493,member,6
157,9,58.0,60.0,143,member,6
157,13,35.0,72.0,187,leader,13
157,14,40.0,68.0,201,member,13
158,1,5.0,5.0,326,leader,1
158,2,10.0,10.0,442,member,1
158,3,15.0,8.0,592,member,1
158,4,8.0,18.0,342,member,1
158,5,20.0,20.0,242,isolated,5
158,6,50.0,50.0,426,leader,6
158,7,55.0,52.0,542,member,6
158,8,60.0,48.0,492,member,6
158,9,58.0,60.0,142,member,6
158,13,35.0,72.0,184,leader,13
158,14,40.0,68.0,200,member,13
159,1,5.0,5.0,323,leader,1
159,2,10.0,10.0,441,member,1
159,3,15.0,8.0,591,member,1
159,4,8.0,18.0,341,member,1
159,5,20.0,20.0,241,isolated,5
159,6,50.0,50.0,423,leader,6
159,7,55.0,52.0,541,member,6
159,8,60.0,48.0,491,member,6
159,9,58.0,60.0,141,member,6
159,13,35.0,72.0,181,leader,13
159,14,40.0,68.0,199,member,13
160,1,5.0,5.0,320,leader,1
160,2,10.0,10.0,440,member,1
160,3,15.0,8.0,590,member,1
160,4,8.0,18.0,340,member,1
160,5,20.0,20.0,240,isolated,5
160,6,50.0,50.0,420,leader,6
160,7,55.0,52.0,540,member,6
160,8,60.0,48.0,490,member,6
160,9,58.0,60.0,140,member,6
160,13,35.0,72.0,178,leader,13
160,14,40.0,68.0,198,member,13
161,1,5.0,5.0,317,leader,1
161,2,10.0,10.0,439,member,1
161,3,15.0,8.0,589,member,1
161,4,8.0,18.0,339,member,1
161,5,20.0,20.0,239,isolated,5
161,6,50.0,50.0,417,leader,6
161,7,55.0,52.0,539,member,6
161,8,60.0,48.0,489,member,6
161,9,58.0,60.0,139,member,6
161,13,35.0,72.0,175,leader,13
161,14,40.0,68.0,197,member,13
162,1,5.0,5.0,314,leader,1
162,2,10.0,10.0,438,member,1
162,3,15.0,8.0,588,member,1
162,4,8.0,18.0,338,member,1
162,5,20.0,20.0,238,isolated,5
162,6,50.0,50.0,414,leader,6
162,7,55.0,52.0,538,member,6
162,8,60.0,48.0,488,member,6
162,9,58.0,60.0,138,member,6
162,13,35.0,72.0,172,leader,13
162,14,40.0,68.0,196,member,13
163,1,5.0,5.0,311,leader,1
163,2,10.0,10.0,437,member,1
163,3,15.0,8.0,587,member,1
163,4,8.0,18.0,337,member,1
163,5,20.0,20.0,237,isolated,5
163,6,50.0,50.0,411,leader,6
163,7,55.0,52.0,537,member,6
163,8,60.0,48.0,487,member,6
163,9,58.0,60.0,137,member,6
163,13,35.0,72.0,169,leader,13
163,14,40.0,68.0,195,member,13
164,1,5.0,5.0,308,leader,1
164,2,10.0,10.0,436,member,1
164,3,15.0,8.0,586,member,1
164,4,8.0,18.0,336,member,1
164,5,20.0,20.0,236,isolated,5
164,6,50.0,50.0,408,leader,6
164,7,55.0,52.0,536,member,6
164,8,60.0,48.0,486,member,6
164,9,58.0,60.0,136,member,6
164,13,35.0,72.0,166,leader,13
164,14,40.0,68.0,194,member,13
165,1,5.0,5.0,305,leader,1
165,2,10.0,10.0,435,member,1
165,3,15.0,8.0,585,member,1
165,4,8.0,18.0,335,member,1
165,5,20.0,20.0,235,isolated,5
165,6,50.0,50.0,405,leader,6
165,7,55.0,52.0,535,member,6
165,8,60.0,48.0,485,member,6
165,9,58.0,60.0,135,member,6
165,13,35.0,72.0,163,leader,13
165,14,40.0,68.0,193,member,13
166,1,5.0,5.0,302,leader,1
166,2,10.0,10.0,434,member,1
166,3,15.0,8.0,584,member,1
166,4,8.0,18.0,334,member,1
166,5,20.0,20.0,234,isolated,5
166,6,50.0,50.0,402,leader,6
166,7,55.0,52.0,534,member,6
166,8,60.0,48.0,484,member,6
166,9,58.0,60.0,134,member,6
166,13,35.0,72.0,160,leader,13
166,14,40.0,68.0,192,member,13
167,1,5.0,5.0,299,leader,1
167,2,10.0,10.0,433,member,1
167,3,15.0,8.0,583,member,1
167,4,8.0,18.0,333,member,1
167,5,20.0,20.0,233,isolated,5
167,6,50.0,50.0,399,leader,6
167,7,55.0,52.0,533,member,6
167,8,60.0,48.0,483,member,6
167,9,58.0,60.0,133,member,6
167,13,35.0,72.0,157,leader,13
167,14,40.0,68.0,191,member,13
168,1,5.0,5.0,296,leader,1
168,2,10.0,10.0,432,member,1
168,3,15.0,8.0,582,member,1
168,4,8.0,18.0,332,member,1
168,5,20.0,20.0,232,isolated,5
168,6,50.0,50.0,396,leader,6
168,7,55.0,52.0,532,member,6
168,8,60.0,48.0,482,member,6
168,9,58.0,60.0,132,member,6
168,13,35.0,72.0,154,leader,13
168,14,40.0,68.0,190,member,13
169,1,5.0,5.0,293,leader,1
169,2,10.0,10.0,431,member,1
169,3,15.0,8.0,581,member,1
169,4,8.0,18.0,331,member,1
169,5,20.0,20.0,231,isolated,5
169,6,50.0,50.0,393,leader,6
169,7,55.0,52.0,531,member,6
169,8,60.0,48.0,481,member,6
169,9,58.0,60.0,131,member,6
169,13,35.0,72.0,151,leader,13
169,14,40.0,68.0,189,member,13
170,1,5.0,5.0,290,leader,1
170,2,10.0,10.0,430,member,1
170,3,15.0,8.0,580,member,1
170,4,8.0,18.0,330,member,1
170,5,20.0,20.0,230,isolated,5
170,6,50.0,50.0,390,leader,6
170,7,55.0,52.0,530,member,6
170,8,60.0,48.0,480,member,6
170,9,58.0,60.0,130,member,6
170,13,35.0,72.0,148,leader,13
170,14,40.0,68.0,188,member,13
171,1,5.0,5.0,287,leader,1
171,2,10.0,10.0,429,member,1
171,3,15.0,8.0,579,member,1
171,4,8.0,18.0,329,member,1
171,5,20.0,20.0,229,isolated,5
171,6,50.0,50.0,387,leader,6
171,7,55.0,52.0,529,member,6
171,8,60.0,48.0,479,member,6
171,9,58.0,60.0,129,member,6
171,13,35.0,72.0,145,leader,13
171,14,40.0,68.0,187,member,13
172,1,5.0,5.0,284,leader,1
172,2,10.0,10.0,428,member,1
172,3,15.0,8.0,578,member,1
172,4,8.0,18.0,328,member,1
172,5,20.0,20.0,228,isolated,5
172,6,50.0,50.0,384,leader,6
172,7,55.0,52.0,528,member,6
172,8,60.0,48.0,478,member,6
172,9,58.0,60.0,128,member,6
172,13,35.0,72.0,142,leader,13
172,14,40.0,68.0,186,member,13
173,1,5.0,5.0,281,leader,1
173,2,10.0,10.0,427,member,1
173,3,15.0,8.0,577,member,1
173,4,8.0,18.0,327,member,1
173,5,20.0,20.0,227,isolated,5
173,6,50.0,50.0,381,leader,6
173,7,55.0,52.0,527,member,6
173,8,60.0,48.0,477,member,6
173,9,58.0,60.0,127,member,6
173,13,35.0,72.0,139,leader,13
173,14,40.0,68.0,185,member,13
174,1,5.0,5.0,278,leader,1
174,2,10.0,10.0,426,member,1
174,3,15.0,8.0,576,member,1
174,4,8.0,18.0,326,member,1
174,5,20.0,20.0,226,isolated,5
174,6,50.0,50.0,378,leader,6
174,7,55.0,52.0,526,member,6
174,8,60.0,48.0,476,member,6
174,9,58.0,60.0,126,member,6
174,13,35.0,72.0,136,leader,13
174,14,40.0,68.0,184,member,13
175,1,5.0,5.0,275,leader,1
175,2,10.0,10.0,425,member,1
175,3,15.0,8.0,575,member,1
175,4,8.0,18.0,325,member,1
175,5,20.0,20.0,225,isolated,5
175,6,50.0,50.0,375,leader,6
175,7,55.0,52.0,525,member,6
175,8,60.0,48.0,475,member,6
175,9,58.0,60.0,125,member,6
175,13,35.0,72.0,133,leader,13
175,14,40.0,68.0,183,member,13
176,1,5.0,5.0,272,leader,1
176,2,10.0,10.0,424,member,1
176,3,15.0,8.0,574,member,1
176,4,8.0,18.0,324,member,1
176,5,20.0,20.0,224,isolated,5
176,6,50.0,50.0,372,leader,6
176,7,55.0,52.0,524,member,6
176,8,60.0,48.0,474,member,6
176,9,58.0,60.0,124,member,6
176,13,35.0,72.0,130,leader,13
176,14,40.0,68.0,182,member,13
177,1,5.0,5.0,269,leader,1
177,2,10.0,10.0,423,member,1
177,3,15.0,8.0,573,member,1
177,4,8.0,18.0,323,member,1
177,5,20.0,20.0,223,isolated,5
177,6,50.0,50.0,369,leader,6
177,7,55.0,52.0,523,member,6
177,8,60.0,48.0,473,member,6
177,9,58.0,60.0,123,member,6
177,13,35.0,72.0,127,leader,13
177,14,40.0,68.0,181,member,13
178,1,5.0,5.0,266,leader,1
178,2,10.0,10.0,422,member,1
178,3,15.0,8.0,572,member,1
178,4,8.0,18.0,322,member,1
178,5,20.0,20.0,222,isolated,5
178,6,50.0,50.0,366,leader,6
178,7,55.0,52.0,522,member,6
178,8,60.0,48.0,472,member,6
178,9,58.0,60.0,122,member,6
178,13,35.0,72.0,124,leader,13
178,14,40.0,68.0,180,member,13
179,1,5.0,5.0,263,leader,1
179,2,10.0,10.0,421,member,1
179,3,15.0,8.0,571,member,1
179,4,8.0,18.0,321,member,1
179,5,20.0,20.0,221,isolated,5
179,6,50.0,50.0,363,leader,6
179,7,55.0,52.0,521,member,6
179,8,60.0,48.0,471,member,6
179,9,58.0,60.0,121,member,6
179,13,35.0,72.0,121,leader,13
179,14,40.0,68.0,179,member,13
180,1,5.0,5.0,260,leader,1
180,2,10.0,10.0,420,member,1
180,3,15.0,8.0,570,member,1
180,4,8.0,18.0,320,member,1
180,5,20.0,20.0,220,isolated,5
180,6,50.0,50.0,360,leader,6
180,7,55.0,52.0,520,member,6
180,8,60.0,48.0,470,member,6
180,9,58.0,60.0,120,member,6
180,13,35.0,72.0,118,leader,13
180,14,40.0,68.0,178,member,13
181,1,5.0,5.0,257,leader,1
181,2,10.0,10.0,419,member,1
181,3,15.0,8.0,569,member,1
181,4,8.0,18.0,319,member,1
181,5,20.0,20.0,219,isolated,5
181,6,50.0,50.0,357,leader,6
181,7,55.0,52.0,519,member,6
181,8,60.0,48.0,469,member,6
181,9,58.0,60.0,119,member,6
181,13,35.0,72.0,115,leader,13
181,14,40.0,68.0,177,member,13
182,1,5.0,5.0,254,leader,1
182,2,10.0,10.0,418,member,1
182,3,15.0,8.0,568,member,1
182,4,8.0,18.0,318,member,1
182,5,20.0,20.0,218,isolated,5
182,6,50.0,50.0,354,leader,6
182,7,55.0,52.0,518,member,6
182,8,60.0,48.0,468,member,6
182,9,58.0,60.0,118,member,6
182,13,35.0,72.0,112,leader,13
182,14,40.0,68.0,176,member,13
183,1,5.0,5.0,251,leader,1
183,2,10.0,10.0,417,member,1
183,3,15.0,8.0,567,member,1
183,4,8.0,18.0,317,member,1
183,5,20.0,20.0,217,isolated,5
183,6,50.0,50.0,351,leader,6
183,7,55.0,52.0,517,member,6
183,8,60.0,48.0,467,member,6
183,9,58.0,60.0,117,member,6
183,13,35.0,72.0,109,leader,13
183,14,40.0,68.0,175,member,13
184,1,5.0,5.0,248,leader,1
184,2,10.0,10.0,416,member,1
184,3,15.0,8.0,566,member,1
184,4,8.0,18.0,316,member,1
184,5,20.0,20.0,216,isolated,5
184,6,50.0,50.0,348,leader,6
184,7,55.0,52.0,516,member,6
184,8,60.0,48.0,466,member,6
184,9,58.0,60.0,116,member,6
184,13,35.0,72.0,106,leader,13
184,14,40.0,68.0,174,member,13
185,1,5.0,5.0,245,leader,1
185,2,10.0,10.0,415,member,1
185,3,15.0,8.0,565,member,1
185,4,8.0,18.0,315,member,1
185,5,20.0,20.0,215,isolated,5
185,6,50.0,50.0,345,leader,6
185,7,55.0,52.0,515,member,6
185,8,60.0,48.0,465,member,6
185,9,58.0,60.0,115,member,6
185,13,35.0,72.0,103,leader,13
185,14,40.0,68.0,173,member,13
186,1,5.0,5.0,242,leader,1
186,2,10.0,10.0,414,member,1
186,3,15.0,8.0,564,member,1
186,4,8.0,18.0,314,member,1
186,5,20.0,20.0,214,isolated,5
186,6,50.0,50.0,342,leader,6
186,7,55.0,52.0,514,member,6
186,8,60.0,48.0,464,member,6
186,9,58.0,60.0,114,member,6
186,13,35.0,72.0,100,leader,13
186,14,40.0,68.0,172,member,13
187,1,5.0,5.0,239,leader,1
187,2,10.0,10.0,413,member,1
187,3,15.0,8.0,563,member,1
187,4,8.0,18.0,313,member,1
187,5,20.0,20.0,213,isolated,5
187,6,50.0,50.0,339,leader,6
187,7,55.0,52.0,513,member,6
187,8,60.0,48.0,463,member,6
187,9,58.0,60.0,113,member,6
187,13,35.0,72.0,97,leader,13
187,14,40.0,68.0,171,member,13
188,1,5.0,5.0,236,leader,1
188,2,10.0,10.0,412,member,1
188,3,15.0,8.0,562,member,1
188,4,8.0,18.0,312,member,1
188,5,20.0,20.0,212,isolated,5
188,6,50.0,50.0,336,leader,6
188,7,55.0,52.0,512,member,6
188,8,60.0,48.0,462,member,6
188,9,58.0,60.0,112,member,6
188,13,35.0,72.0,94,leader,13
188,14,40.0,68.0,170,member,13
189,1,5.0,5.0,233,leader,1
189,2,10.0,10.0,411,member,1
189,3,15.0,8.0,561,member,1
189,4,8.0,18.0,311,member,1
189,5,20.0,20.0,211,isolated,5
189,6,50.0,50.0,333,leader,6
189,7,55.0,52.0,511,member,6
189,8,60.0,48.0,461,member,6
189,9,58.0,60.0,111,member,6
189,13,35.0,72.0,91,leader,13
189,14,40.0,68.0,169,member,13
190,1,5.0,5.0,230,leader,1
190,2,10.0,10.0,410,member,1
190,3,15.0,8.0,560,member,1
190,4,8.0,18.0,310,member,1
190,5,20.0,20.0,210,isolated,5
190,6,50.0,50.0,330,leader,6
190,7,55.0,52.0,510,member,6
190,8,60.0,48.0,460,member,6
190,9,58.0,60.0,110,member,6
190,13,35.0,72.0,88,leader,13
190,14,40.0,68.0,168,member,13
191,1,5.0,5.0,227,leader,1
191,2,10.0,10.0,409,member,1
191,3,15.0,8.0,559,member,1
191,4,8.0,18.0,309,member,1
191,5,20.0,20.0,209,isolated,5
191,6,50.0,50.0,327,leader,6
191,7,55.0,52.0,509,member,6
191,8,60.0,48.0,459,member,6
191,9,58.0,60.0,109,member,6
191,13,35.0,72.0,85,leader,13
191,14,40.0,68.0,167,member,13
192,1,5.0,5.0,224,leader,1
192,2,10.0,10.0,408,member,1
192,3,15.0,8.0,558,member,1
192,4,8.0,18.0,308,member,1
192,5,20.0,20.0,208,isolated,5
192,6,50.0,50.0,324,leader,6
192,7,55.0,52.0,508,member,6
192,8,60.0,48.0,458,member,6
192,9,58.0,60.0,108,member,6
192,13,35.0,72.0,82,leader,13
192,14,40.0,68.0,166,member,13
193,1,5.0,5.0,221,leader,1
193,2,10.0,10.0,407,member,1
193,3,15.0,8.0,557,member,1
193,4,8.0,18.0,307,member,1
193,5,20.0,20.0,207,isolated,5
193,6,50.0,50.0,321,leader,6
193,7,55.0,52.0,507,member,6
193,8,60.0,48.0,457,member,6
193,9,58.0,60.0,107,member,6
193,13,35.0,72.0,79,leader,13
193,14,40.0,68.0,165,member,13
194,1,5.0,5.0,218,leader,1
194,2,10.0,10.0,406,member,1
194,3,15.0,8.0,556,member,1
194,4,8.0,18.0,306,member,1
194,5,20.0,20.0,206,isolated,5
194,6,50.0,50.0,318,leader,6
194,7,55.0,52.0,506,member,6
194,8,60.0,48.0,456,member,6
194,9,58.0,60.0,106,member,6
194,13,35.0,72.0,76,leader,13
194,14,40.0,68.0,164,member,13
195,1,5.0,5.0,215,leader,1
195,2,10.0,10.0,405,member,1
195,3,15.0,8.0,555,member,1
195,4,8.0,18.0,305,member,1
195,5,20.0,20.0,205,isolated,5
195,6,50.0,50.0,315,leader,6
195,7,55.0,52.0,505,member,6
195,8,60.0,48.0,455,member,6
195,9,58.0,60.0,105,member,6
195,13,35.0,72.0,73,leader,13
195,14,40.0,68.0,163,member,13
196,1,5.0,5.0,212,leader,1
196,2,10.0,10.0,404,member,1
196,3,15.0,8.0,554,member,1
196,4,8.0,18.0,304,member,1
196,5,20.0,20.0,204,isolated,5
196,6,50.0,50.0,312,leader,6
196,7,55.0,52.0,504,member,6
196,8,60.0,48.0,454,member,6
196,9,58.0,60.0,104,member,6
196,13,35.0,72.0,70,leader,13
196,14,40.0,68.0,162,member,13
197,1,5.0,5.0,209,leader,1
197,2,10.0,10.0,403,member,1
197,3,15.0,8.0,553,member,1
197,4,8.0,18.0,303,member,1
197,5,20.0,20.0,203,isolated,5
197,6,50.0,50.0,309,leader,6
197,7,55.0,52.0,503,member,6
197,8,60.0,48.0,453,member,6
197,9,58.0,60.0,103,member,6
197,13,35.0,72.0,67,leader,13
197,14,40.0,68.0,161,member,13
198,1,5.0,5.0,206,leader,1
198,2,10.0,10.0,402,member,1
198,3,15.0,8.0,552,member,1
198,4,8.0,18.0,302,member,1
198,5,20.0,20.0,202,isolated,5
198,6,50.0,50.0,306,leader,6
198,7,55.0,52.0,502,member,6
198,8,60.0,48.0,452,member,6
198,9,58.0,60.0,102,member,6
198,13,35.0,72.0,64,leader,13
198,14,40.0,68.0,160,member,13
199,1,5.0,5.0,203,leader,1
199,2,10.0,10.0,401,member,1
199,3,15.0,8.0,551,member,1
199,4,8.0,18.0,301,member,1
199,5,20.0,20.0,201,isolated,5
199,6,50.0,50.0,303,leader,6
199,7,55.0,52.0,501,member,6
199,8,60.0,48.0,451,member,6
199,9,58.0,60.0,101,member,6
199,13,35.0,72.0,61,leader,13
199,14,40.0,68.0,159,member,13
200,1,5.0,5.0,200,leader,1
200,2,10.0,10.0,400,member,1
200,3,15.0,8.0,550,member,1
200,4,8.0,18.0,300,member,1
200,5,20.0,20.0,200,isolated,5
200,6,50.0,50.0,300,leader,6
200,7,55.0,52.0,500,member,6
200,8,60.0,48.0,450,member,6
200,9,58.0,60.0,100,member,6
200,13,35.0,72.0,58,leader,13
200,14,40.0,68.0,158,member,13
201,1,5.0,5.0,197,leader,1
201,2,10.0,10.0,399,member,1
201,3,15.0,8.0,549,member,1
201,4,8.0,18.0,299,member,1
201,5,20.0,20.0,199,isolated,5
201,6,50.0,50.0,297,leader,6
201,7,55.0,52.0,499,member,6
201,8,60.0,48.0,449,member,6
201,9,58.0,60.0,99,member,6
201,13,35.0,72.0,55,leader,13
201,14,40.0,68.0,157,member,13
202,1,5.0,5.0,194,leader,1
202,2,10.0,10.0,398,member,1
202,3,15.0,8.0,548,member,1
202,4,8.0,18.0,298,member,1
202,5,20.0,20.0,198,isolated,5
202,6,50.0,50.0,294,leader,6
202,7,55.0,52.0,498,member,6
202,8,60.0,48.0,448,member,6
202,9,58.0,60.0,98,member,6
202,13,35.0,72.0,52,leader,13
202,14,40.0,68.0,156,member,13
203,1,5.0,5.0,191,leader,1
203,2,10.0,10.0,397,member,1
203,3,15.0,8.0,547,member,1
203,4,8.0,18.0,297,member,1
203,5,20.0,20.0,197,isolated,5
203,6,50.0,50.0,291,leader,6
203,7,55.0,52.0,497,member,6
203,8,60.0,48.0,447,member,6
203,9,58.0,60.0,97,member,6
203,13,35.0,72.0,49,leader,13
203,14,40.0,68.0,155,member,13
204,1,5.0,5.0,188,leader,1
204,2,10.0,10.0,396,member,1
204,3,15.0,8.0,546,member,1
204,4,8.0,18.0,296,member,1
204,5,20.0,20.0,196,isolated,5
204,6,50.0,50.0,288,leader,6
204,7,55.0,52.0,496,member,6
204,8,60.0,48.0,446,member,6
204,9,58.0,60.0,96,member,6
204,13,35.0,72.0,46,leader,13
204,14,40.0,68.0,154,member,13
205,1,5.0,5.0,185,leader,1
205,2,10.0,10.0,395,member,1
205,3,15.0,8.0,545,member,1
205,4,8.0,18.0,295,member,1
205,5,20.0,20.0,195,isolated,5
205,6,50.0,50.0,285,leader,6
205,7,55.0,52.0,495,member,6
205,8,60.0,48.0,445,member,6
205,9,58.0,60.0,95,member,6
205,13,35.0,72.0,43,leader,13
205,14,40.0,68.0,153,member,13
206,1,5.0,5.0,182,leader,1
206,2,10.0,10.0,394,member,1
206,3,15.0,8.0,544,member,1
206,4,8.0,18.0,294,member,1
206,5,20.0,20.0,194,isolated,5
206,6,50.0,50.0,282,leader,6
206,7,55.0,52.0,494,member,6
206,8,60.0,48.0,444,member,6
206,9,58.0,60.0,94,member,6
206,13,35.0,72.0,40,leader,13
206,14,40.0,68.0,152,member,13
207,1,5.0,5.0,179,leader,1
207,2,10.0,10.0,393,member,1
207,3,15.0,8.0,543,member,1
207,4,8.0,18.0,293,member,1
207,5,20.0,20.0,193,isolated,5
207,6,50.0,50.0,279,leader,6
207,7,55.0,52.0,493,member,6
207,8,60.0,48.0,443,member,6
207,9,58.0,60.0,93,member,6
207,13,35.0,72.0,37,leader,13
207,14,40.0,68.0,151,member,13
208,1,5.0,5.0,176,leader,1
208,2,10.0,10.0,392,member,1
208,3,15.0,8.0,542,member,1
208,4,8.0,18.0,292,member,1
208,5,20.0,20.0,192,isolated,5
208,6,50.0,50.0,276,leader,6
208,7,55.0,52.0,492,member,6
208,8,60.0,48.0,442,member,6
208,9,58.0,60.0,92,member,6
208,13,35.0,72.0,34,leader,13
208,14,40.0,68.0,150,member,13
209,1,5.0,5.0,173,leader,1
209,2,10.0,10.0,391,member,1
209,3,15.0,8.0,541,member,1
209,4,8.0,18.0,291,member,1
209,5,20.0,20.0,191,isolated,5
209,6,50.0,50.0,273,leader,6
209,7,55.0,52.0,491,member,6
209,8,60.0,48.0,441,member,6
209,9,58.0,60.0,91,member,6
209,13,35.0,72.0,31,leader,13
209,14,40.0,68.0,149,member,13
210,1,5.0,5.0,170,leader,1
210,2,10.0,10.0,390,member,1
210,3,15.0,8.0,540,member,1
210,4,8.0,18.0,290,member,1
210,5,20.0,20.0,190,isolated,5
210,6,50.0,50.0,270,leader,6
210,7,55.0,52.0,490,member,6
210,8,60.0,48.0,440,member,6
210,9,58.0,60.0,90,member,6
210,13,35.0,72.0,28,leader,13
210,14,40.0,68.0,148,member,13
211,1,5.0,5.0,167,leader,1
211,2,10.0,10.0,389,member,1
211,3,15.0,8.0,539,member,1
211,4,8.0,18.0,289,member,1
211,5,20.0,20.0,189,isolated,5
211,6,50.0,50.0,267,leader,6
211,7,55.0,52.0,489,member,6
211,8,60.0,48.0,439,member,6
211,9,58.0,60.0,89,member,6
211,13,35.0,72.0,25,leader,13
211,14,40.0,68.0,147,member,13
212,1,5.0,5.0,164,leader,1
212,2,10.0,10.0,388,member,1
212,3,15.0,8.0,538,member,1
212,4,8.0,18.0,288,member,1
212,5,20.0,20.0,188,isolated,5
212,6,50.0,50.0,264,leader,6
212,7,55.0,52.0,488,member,6
212,8,60.0,48.0,438,member,6
212,9,58.0,60.0,88,member,6
212,13,35.0,72.0,22,leader,13
212,14,40.0,68.0,146,member,13
213,1,5.0,5.0,161,leader,1
213,2,10.0,10.0,387,member,1
213,3,15.0,8.0,537,member,1
213,4,8.0,18.0,287,member,1
213,5,20.0,20.0,187,isolated,5
213,6,50.0,50.0,261,leader,6
213,7,55.0,52.0,487,member,6
213,8,60.0,48.0,437,member,6
213,9,58.0,60.0,87,member,6
213,13,35.0,72.0,19,leader,13
213,14,40.0,68.0,145,member,13
214,1,5.0,5.0,158,leader,1
214,2,10.0,10.0,386,member,1
214,3,15.0,8.0,536,member,1
214,4,8.0,18.0,286,member,1
214,5,20.0,20.0,186,isolated,5
214,6,50.0,50.0,258,leader,6
214,7,55.0,52.0,486,member,6
214,8,60.0,48.0,436,member,6
214,9,58.0,60.0,86,member,6
214,13,35.0,72.0,16,leader,13
214,14,40.0,68.0,144,member,13
215,1,5.0,5.0,155,leader,1
215,2,10.0,10.0,385,member,1
215,3,15.0,8.0,535,member,1
215,4,8.0,18.0,285,member,1
215,5,20.0,20.0,185,isolated,5
215,6,50.0,50.0,255,leader,6
215,7,55.0,52.0,485,member,6
215,8,60.0,48.0,435,member,6
215,9,58.0,60.0,85,member,6
215,13,35.0,72.0,13,leader,13
215,14,40.0,68.0,143,member,13
216,1,5.0,5.0,152,leader,1
216,2,10.0,10.0,384,member,1
216,3,15.0,8.0,534,member,1
216,4,8.0,18.0,284,member,1
216,5,20.0,20.0,184,isolated,5
216,6,50.0,50.0,252,leader,6
216,7,55.0,52.0,484,member,6
216,8,60.0,48.0,434,member,6
216,9,58.0,60.0,84,member,6
216,13,35.0,72.0,10,leader,13
216,14,40.0,68.0,142,member,13
217,1,5.0,5.0,149,leader,1
217,2,10.0,10.0,383,member,1
217,3,15.0,8.0,533,member,1
217,4,8.0,18.0,283,member,1
217,5,20.0,20.0,183,isolated,5
217,6,50.0,50.0,249,leader,6
217,7,55.0,52.0,483,member,6
217,8,60.0,48.0,433,member,6
217,9,58.0,60.0,83,member,6
217,13,35.0,72.0,7,leader,13
217,14,40.0,68.0,141,member,13
218,1,5.0,5.0,146,leader,1
218,2,10.0,10.0,382,member,1
218,3,15.0,8.0,532,member,1
218,4,8.0,18.0,282,member,1
218,5,20.0,20.0,182,isolated,5
218,6,50.0,50.0,246,leader,6
218,7,55.0,52.0,482,member,6
218,8,60.0,48.0,432,member,6
218,9,58.0,60.0,82,member,6
218,13,35.0,72.0,4,leader,13
218,14,40.0,68.0,140,member,13
219,1,5.0,5.0,143,leader,1
219,2,10.0,10.0,381,member,1
219,3,15.0,8.0,531,member,1
219,4,8.0,18.0,281,member,1
219,5,20.0,20.0,181,isolated,5
219,6,50.0,50.0,243,leader,6
219,7,55.0,52.0,481,member,6
219,8,60.0,48.0,431,member,6
219,9,58.0,60.0,81,member,6
219,13,35.0,72.0,1,leader,13
219,14,40.0,68.0,139,member,13
220,1,5.0,5.0,140,leader,1
220,2,10.0,10.0,380,member,1
220,3,15.0,8.0,530,member,1
220,4,8.0,18.0,280,member,1
220,5,20.0,20.0,180,isolated,5
220,6,50.0,50.0,240,leader,6
220,7,55.0,52.0,480,member,6
220,8,60.0,48.0,430,member,6
220,9,58.0,60.0,80,member,6
220,14,40.0,68.0,136,leader,14
220,13,35.0,72.0,0,leader,13
221,1,5.0,5.0,137,leader,1
221,2,10.0,10.0,379,member,1
221,3,15.0,8.0,529,member,1
221,4,8.0,18.0,279,member,1
221,5,20.0,20.0,179,isolated,5
221,6,50.0,50.0,237,leader,6
221,7,55.0,52.0,479,member,6
221,8,60.0,48.0,429,member,6
221,9,58.0,60.0,79,member,6
221,14,40.0,68.0,133,leader,14
222,1,5.0,5.0,134,leader,1
222,2,10.0,10.0,378,member,1
222,3,15.0,8.0,528,member,1
222,4,8.0,18.0,278,member,1
222,5,20.0,20.0,178,isolated,5
222,6,50.0,50.0,234,leader,6
222,7,55.0,52.0,478,member,6
222,8,60.0,48.0,428,member,6
222,9,58.0,60.0,78,member,6
222,14,40.0,68.0,130,leader,14
223,1,5.0,5.0,131,leader,1
223,2,10.0,10.0,377,member,1
223,3,15.0,8.0,527,member,1
223,4,8.0,18.0,277,member,1
223,5,20.0,20.0,177,isolated,5
223,6,50.0,50.0,231,leader,6
223,7,55.0,52.0,477,member,6
223,8,60.0,48.0,427,member,6
223,9,58.0,60.0,77,member,6
223,14,40.0,68.0,127,leader,14
224,1,5.0,5.0,128,leader,1
224,2,10.0,10.0,376,member,1
224,3,15.0,8.0,526,member,1
224,4,8.0,18.0,276,member,1
224,5,20.0,20.0,176,isolated,5
224,6,50.0,50.0,228,leader,6
224,7,55.0,52.0,476,member,6
224,8,60.0,48.0,426,member,6
224,9,58.0,60.0,76,member,6
224,14,40.0,68.0,124,leader,14
225,1,5.0,5.0,125,leader,1
225,2,10.0,10.0,375,member,1
225,3,15.0,8.0,525,member,1
225,4,8.0,18.0,275,member,1
225,5,20.0,20.0,175,isolated,5
225,6,50.0,50.0,225,leader,6
225,7,55.0,52.0,475,member,6
225,8,60.0,48.0,425,member,6
225,9,58.0,60.0,75,member,6
225,14,40.0,68.0,121,leader,14
226,1,5.0,5.0,122,leader,1
226,2,10.0,10.0,374,member,1
226,3,15.0,8.0,524,member,1
226,4,8.0,18.0,274,member,1
226,5,20.0,20.0,174,isolated,5
226,6,50.0,50.0,222,leader,6
226,7,55.0,52.0,474,member,6
226,8,60.0,48.0,424,member,6
226,9,58.0,60.0,74,member,6
226,14,40.0,68.0,118,leader,14
227,1,5.0,5.0,119,leader,1
227,2,10.0,10.0,373,member,1
227,3,15.0,8.0,523,member,1
227,4,8.0,18.0,273,member,1
227,5,20.0,20.0,173,isolated,5
227,6,50.0,50.0,219,leader,6
227,7,55.0,52.0,473,member,6
227,8,60.0,48.0,423,member,6
227,9,58.0,60.0,73,member,6
227,14,40.0,68.0,115,leader,14
228,1,5.0,5.0,116,leader,1
228,2,10.0,10.0,372,member,1
228,3,15.0,8.0,522,member,1
228,4,8.0,18.0,272,member,1
228,5,20.0,20.0,172,isolated,5
228,6,50.0,50.0,216,leader,6
228,7,55.0,52.0,472,member,6
228,8,60.0,48.0,422,member,6
228,9,58.0,60.0,72,member,6
228,14,40.0,68.0,112,leader,14
229,1,5.0,5.0,113,leader,1
229,2,10.0,10.0,371,member,1
229,3,15.0,8.0,521,member,1
229,4,8.0,18.0,271,member,1
229,5,20.0,20.0,171,isolated,5
229,6,50.0,50.0,213,leader,6
229,7,55.0,52.0,471,member,6
229,8,60.0,48.0,421,member,6
229,9,58.0,60.0,71,member,6
229,14,40.0,68.0,109,leader,14
230,1,5.0,5.0,110,leader,1
230,2,10.0,10.0,370,member,1
230,3,15.0,8.0,520,member,1
230,4,8.0,18.0,270,member,1
230,5,20.0,20.0,170,isolated,5
230,6,50.0,50.0,210,leader,6
230,7,55.0,52.0,470,member,6
230,8,60.0,48.0,420,member,6
230,9,58.0,60.0,70,member,6
230,14,40.0,68.0,106,leader,14
231,1,5.0,5.0,107,leader,1
231,2,10.0,10.0,369,member,1
231,3,15.0,8.0,519,member,1
231,4,8.0,18.0,269,member,1
231,5,20.0,20.0,169,isolated,5
231,6,50.0,50.0,207,leader,6
231,7,55.0,52.0,469,member,6
231,8,60.0,48.0,419,member,6
231,9,58.0,60.0,69,member,6
231,14,40.0,68.0,103,leader,14
232,1,5.0,5.0,104,leader,1
232,2,10.0,10.0,368,member,1
232,3,15.0,8.0,518,member,1
232,4,8.0,18.0,268,member,1
232,5,20.0,20.0,168,isolated,5
232,6,50.0,50.0,204,leader,6
232,7,55.0,52.0,468,member,6
232,8,60.0,48.0,418,member,6
232,9,58.0,60.0,68,member,6
232,14,40.0,68.0,100,leader,14
233,1,5.0,5.0,101,leader,1
233,2,10.0,10.0,367,member,1
233,3,15.0,8.0,517,member,1
233,4,8.0,18.0,267,member,1
233,5,20.0,20.0,167,isolated,5
233,6,50.0,50.0,201,leader,6
233,7,55.0,52.0,467,member,6
233,8,60.0,48.0,417,member,6
233,9,58.0,60.0,67,member,6
233,14,40.0,68.0,97,leader,14
234,1,5.0,5.0,98,leader,1
234,2,10.0,10.0,366,member,1
234,3,15.0,8.0,516,member,1
234,4,8.0,18.0,266,member,1
234,5,20.0,20.0,166,isolated,5
234,6,50.0,50.0,198,leader,6
234,7,55.0,52.0,466,member,6
234,8,60.0,48.0,416,member,6
234,9,58.0,60.0,66,member,6
234,14,40.0,68.0,94,leader,14
235,1,5.0,5.0,95,leader,1
235,2,10.0,10.0,365,member,1
235,3,15.0,8.0,515,member,1
235,4,8.0,18.0,265,member,1
235,5,20.0,20.0,165,isolated,5
235,6,50.0,50.0,195,leader,6
235,7,55.0,52.0,465,member,6
235,8,60.0,48.0,415,member,6
235,9,58.0,60.0,65,member,6
235,14,40.0,68.0,91,leader,14
236,1,5.0,5.0,92,leader,1
236,2,10.0,10.0,364,member,1
236,3,15.0,8.0,514,member,1
236,4,8.0,18.0,264,member,1
236,5,20.0,20.0,164,isolated,5
236,6,50.0,50.0,192,leader,6
236,7,55.0,52.0,464,member,6
236,8,60.0,48.0,414,member,6
236,9,58.0,60.0,64,member,6
236,14,40.0,68.0,88,leader,14
237,1,5.0,5.0,89,leader,1
237,2,10.0,10.0,363,member,1
237,3,15.0,8.0,513,member,1
237,4,8.0,18.0,263,member,1
237,5,20.0,20.0,163,isolated,5
237,6,50.0,50.0,189,leader,6
237,7,55.0,52.0,463,member,6
237,8,60.0,48.0,413,member,6
237,9,58.0,60.0,63,member,6
237,14,40.0,68.0,85,leader,14
238,1,5.0,5.0,86,leader,1
238,2,10.0,10.0,362,member,1
238,3,15.0,8.0,512,member,1
238,4,8.0,18.0,262,member,1
238,5,20.0,20.0,162,isolated,5
238,6,50.0,50.0,186,leader,6
238,7,55.0,52.0,462,member,6
238,8,60.0,48.0,412,member,6
238,9,58.0,60.0,62,member,6
238,14,40.0,68.0,82,leader,14
239,1,5.0,5.0,83,leader,1
239,2,10.0,10.0,361,member,1
239,3,15.0,8.0,511,member,1
239,4,8.0,18.0,261,member,1
239,5,20.0,20.0,161,isolated,5
239,6,50.0,50.0,183,leader,6
239,7,55.0,52.0,461,member,6
239,8,60.0,48.0,411,member,6
239,9,58.0,60.0,61,member,6
239,14,40.0,68.0,79,leader,14
240,1,5.0,5.0,80,leader,1
240,2,10.0,10.0,360,member,1
240,3,15.0,8.0,510,member,1
240,4,8.0,18.0,260,member,1
240,5,20.0,20.0,160,isolated,5
240,6,50.0,50.0,180,leader,6
240,7,55.0,52.0,460,member,6
240,8,60.0,48.0,410,member,6
240,9,58.0,60.0,60,member,6
240,14,40.0,68.0,76,leader,14
241,1,5.0,5.0,77,leader,1
241,2,10.0,10.0,359,member,1
241,3,15.0,8.0,509,member,1
241,4,8.0,18.0,259,member,1
241,5,20.0,20.0,159,isolated,5
241,6,50.0,50.0,177,leader,6
241,7,55.0,52.0,459,member,6
241,8,60.0,48.0,409,member,6
241,9,58.0,60.0,59,member,6
241,14,40.0,68.0,73,leader,14
242,1,5.0,5.0,74,leader,1
242,2,10.0,10.0,358,member,1
242,3,15.0,8.0,508,member,1
242,4,8.0,18.0,258,member,1
242,5,20.0,20.0,158,isolated,5
242,6,50.0,50.0,174,leader,6
242,7,55.0,52.0,458,member,6
242,8,60.0,48.0,408,member,6
242,9,58.0,60.0,58,member,6
242,14,40.0,68.0,70,leader,14
243,1,5.0,5.0,71,leader,1
243,2,10.0,10.0,357,member,1
243,3,15.0,8.0,507,member,1
243,4,8.0,18.0,257,member,1
243,5,20.0,20.0,157,isolated,5
243,6,50.0,50.0,171,leader,6
243,7,55.0,52.0,457,member,6
243,8,60.0,48.0,407,member,6
243,9,58.0,60.0,57,member,6
243,14,40.0,68.0,67,leader,14
244,1,5.0,5.0,68,leader,1
244,2,10.0,10.0,356,member,1
244,3,15.0,8.0,506,member,1
244,4,8.0,18.0,256,member,1
244,5,20.0,20.0,156,isolated,5
244,6,50.0,50.0,168,leader,6
244,7,55.0,52.0,456,member,6
244,8,60.0,48.0,406,member,6
244,9,58.0,60.0,56,member,6
244,14,40.0,68.0,64,leader,14
245,1,5.0,5.0,65,leader,1
245,2,10.0,10.0,355,member,1
245,3,15.0,8.0,505,member,1
245,4,8.0,18.0,255,member,1
245,5,20.0,20.0,155,isolated,5
245,6,50.0,50.0,165,leader,6
245,7,55.0,52.0,455,member,6
245,8,60.0,48.0,405,member,6
245,9,58.0,60.0,55,member,6
245,14,40.0,68.0,61,leader,14
246,1,5.0,5.0,62,leader,1
246,2,10.0,10.0,354,member,1
246,3,15.0,8.0,504,member,1
246,4,8.0,18.0,254,member,1
246,5,20.0,20.0,154,isolated,5
246,6,50.0,50.0,162,leader,6
246,7,55.0,52.0,454,member,6
246,8,60.0,48.0,404,member,6
246,9,58.0,60.0,54,member,6
246,14,40.0,68.0,58,leader,14
247,1,5.0,5.0,59,leader,1
247,2,10.0,10.0,353,member,1
247,3,15.0,8.0,503,member,1
247,4,8.0,18.0,253,member,1
247,5,20.0,20.0,153,isolated,5
247,6,50.0,50.0,159,leader,6
247,7,55.0,52.0,453,member,6
247,8,60.0,48.0,403,member,6
247,9,58.0,60.0,53,member,6
247,14,40.0,68.0,55,leader,14
248,1,5.0,5.0,56,leader,1
248,2,10.0,10.0,352,member,1
248,3,15.0,8.0,502,member,1
248,4,8.0,18.0,252,member,1
248,5,20.0,20.0,152,isolated,5
248,6,50.0,50.0,156,leader,6
248,7,55.0,52.0,452,member,6
248,8,60.0,48.0,402,member,6
248,9,58.0,60.0,52,member,6
248,14,40.0,68.0,52,leader,14
249,1,5.0,5.0,53,leader,1
249,2,10.0,10.0,351,member,1
249,3,15.0,8.0,501,member,1
249,4,8.0,18.0,251,member,1
249,5,20.0,20.0,151,isolated,5
249,6,50.0,50.0,153,leader,6
249,7,55.0,52.0,451,member,6
249,8,60.0,48.0,401,member,6
249,9,58.0,60.0,51,member,6
249,14,40.0,68.0,49,leader,14
250,1,5.0,5.0,50,leader,1
250,2,10.0,10.0,350,member,1
250,3,15.0,8.0,500,member,1
250,4,8.0,18.0,250,member,1
250,5,20.0,20.0,150,isolated,5
250,6,50.0,50.0,150,leader,6
250,7,55.0,52.0,450,member,6
250,8,60.0,48.0,400,member,6
250,9,58.0,60.0,50,member,6
250,14,40.0,68.0,46,leader,14
251,1,5.0,5.0,47,leader,1
251,2,10.0,10.0,349,member,1
251,3,15.0,8.0,499,member,1
251,4,8.0,18.0,249,member,1
251,5,20.0,20.0,149,isolated,5
251,6,50.0,50.0,147,leader,6
251,7,55.0,52.0,449,member,6
251,8,60.0,48.0,399,member,6
251,9,58.0,60.0,49,member,6
251,14,40.0,68.0,43,leader,14
252,1,5.0,5.0,44,leader,1
252,2,10.0,10.0,348,member,1
252,3,15.0,8.0,498,member,1
252,4,8.0,18.0,248,member,1
252,5,20.0,20.0,148,isolated,5
252,6,50.0,50.0,144,leader,6
252,7,55.0,52.0,448,member,6
252,8,60.0,48.0,398,member,6
252,9,58.0,60.0,48,member,6
252,14,40.0,68.0,40,leader,14
253,1,5.0,5.0,41,leader,1
253,2,10.0,10.0,347,member,1
253,3,15.0,8.0,497,member,1
253,4,8.0,18.0,247,member,1
253,5,20.0,20.0,147,isolated,5
253,6,50.0,50.0,141,leader,6
253,7,55.0,52.0,447,member,6
253,8,60.0,48.0,397,member,6
253,9,58.0,60.0,47,member,6
253,14,40.0,68.0,37,leader,14
254,1,5.0,5.0,38,leader,1
254,2,10.0,10.0,346,member,1
254,3,15.0,8.0,496,member,1
254,4,8.0,18.0,246,member,1
254,5,20.0,20.0,146,isolated,5
254,6,50.0,50.0,138,leader,6
254,7,55.0,52.0,446,member,6
254,8,60.0,48.0,396,member,6
254,9,58.0,60.0,46,member,6
254,14,40.0,68.0,34,leader,14
255,1,5.0,5.0,35,leader,1
255,2,10.0,10.0,345,member,1
255,3,15.0,8.0,495,member,1
255,4,8.0,18.0,245,member,1
255,5,20.0,20.0,145,isolated,5
255,6,50.0,50.0,135,leader,6
255,7,55.0,52.0,445,member,6
255,8,60.0,48.0,395,member,6
255,9,58.0,60.0,45,member,6
255,14,40.0,68.0,31,leader,14
256,1,5.0,5.0,32,leader,1
256,2,10.0,10.0,344,member,1
256,3,15.0,8.0,494,member,1
256,4,8.0,18.0,244,member,1
256,5,20.0,20.0,144,isolated,5
256,6,50.0,50.0,132,leader,6
256,7,55.0,52.0,444,member,6
256,8,60.0,48.0,394,member,6
256,9,58.0,60.0,44,member,6
256,14,40.0,68.0,28,leader,14
257,1,5.0,5.0,29,leader,1
257,2,10.0,10.0,343,member,1
257,3,15.0,8.0,493,member,1
257,4,8.0,18.0,243,member,1
257,5,20.0,20.0,143,isolated,5
257,6,50.0,50.0,129,leader,6
257,7,55.0,52.0,443,member,6
257,8,60.0,48.0,393,member,6
257,9,58.0,60.0,43,member,6
257,14,40.0,68.0,25,leader,14
258,1,5.0,5.0,26,leader,1
258,2,10.0,10.0,342,member,1
258,3,15.0,8.0,492,member,1
258,4,8.0,18.0,242,member,1
258,5,20.0,20.0,142,isolated,5
258,6,50.0,50.0,126,leader,6
258,7,55.0,52.0,442,member,6
258,8,60.0,48.0,392,member,6
258,9,58.0,60.0,42,member,6
258,14,40.0,68.0,22,leader,14
259,1,5.0,5.0,23,leader,1
259,2,10.0,10.0,341,member,1
259,3,15.0,8.0,491,member,1
259,4,8.0,18.0,241,member,1
259,5,20.0,20.0,141,isolated,5
259,6,50.0,50.0,123,leader,6
259,7,55.0,52.0,441,member,6
259,8,60.0,48.0,391,member,6
259,9,58.0,60.0,41,member,6
259,14,40.0,68.0,19,leader,14
260,1,5.0,5.0,20,leader,1
260,2,10.0,10.0,340,member,1
260,3,15.0,8.0,490,member,1
260,4,8.0,18.0,240,member,1
260,5,20.0,20.0,140,isolated,5
260,6,50.0,50.0,120,leader,6
260,7,55.0,52.0,440,member,6
260,8,60.0,48.0,390,member,6
260,9,58.0,60.0,40,member,6
260,14,40.0,68.0,16,leader,14
261,1,5.0,5.0,17,leader,1
261,2,10.0,10.0,339,member,1
261,3,15.0,8.0,489,member,1
261,4,8.0,18.0,239,member,1
261,5,20.0,20.0,139,isolated,5
261,6,50.0,50.0,117,leader,6
261,7,55.0,52.0,439,member,6
261,8,60.0,48.0,389,member,6
261,9,58.0,60.0,39,member,6
261,14,40.0,68.0,13,leader,14
262,1,5.0,5.0,14,leader,1
262,2,10.0,10.0,338,member,1
262,3,15.0,8.0,488,member,1
262,4,8.0,18.0,238,member,1
262,5,20.0,20.0,138,isolated,5
262,6,50.0,50.0,114,leader,6
262,7,55.0,52.0,438,member,6
262,8,60.0,48.0,388,member,6
262,9,58.0,60.0,38,member,6
262,14,40.0,68.0,10,leader,14
263,1,5.0,5.0,11,leader,1
263,2,10.0,10.0,337,member,1
263,3,15.0,8.0,487,member,1
263,4,8.0,18.0,237,member,1
263,5,20.0,20.0,137,isolated,5
263,6,50.0,50.0,111,leader,6
263,7,55.0,52.0,437,member,6
263,8,60.0,48.0,387,member,6
263,9,58.0,60.0,37,member,6
263,14,40.0,68.0,7,leader,14
264,1,5.0,5.0,8,leader,1
264,2,10.0,10.0,336,member,1
264,3,15.0,8.0,486,member,1
264,4,8.0,18.0,236,member,1
264,5,20.0,20.0,136,isolated,5
264,6,50.0,50.0,108,leader,6
264,7,55.0,52.0,436,member,6
264,8,60.0,48.0,386,member,6
264,9,58.0,60.0,36,member,6
264,14,40.0,68.0,4,leader,14
265,1,5.0,5.0,5,leader,1
265,2,10.0,10.0,335,member,1
265,3,15.0,8.0,485,member,1
265,4,8.0,18.0,235,member,1
265,5,20.0,20.0,135,isolated,5
265,6,50.0,50.0,105,leader,6
265,7,55.0,52.0,435,member,6
265,8,60.0,48.0,385,member,6
265,9,58.0,60.0,35,member,6
265,14,40.0,68.0,1,leader,14
266,1,5.0,5.0,2,leader,1
266,2,10.0,10.0,334,member,1
266,3,15.0,8.0,484,member,1
266,4,8.0,18.0,234,member,1
266,5,20.0,20.0,134,isolated,5
266,6,50.0,50.0,102,leader,6
266,7,55.0,52.0,434,member,6
266,8,60.0,48.0,384,member,6
266,9,58.0,60.0,34,member,6
266,14,40.0,68.0,0,leader,14
267,2,10.0,10.0,331,member,3
267,3,15.0,8.0,481,leader,3
267,4,8.0,18.0,231,member,3
267,5,20.0,20.0,133,member,3
267,6,50.0,50.0,99,leader,6
267,7,55.0,52.0,433,member,6
267,8,60.0,48.0,383,member,6
267,9,58.0,60.0,33,member,6
267,1,5.0,5.0,0,leader,1
268,2,10.0,10.0,330,member,3
268,3,15.0,8.0,478,leader,3
268,4,8.0,18.0,230,member,3
268,5,20.0,20.0,132,member,3
268,6,50.0,50.0,96,leader,6
268,7,55.0,52.0,432,member,6
268,8,60.0,48.0,382,member,6
268,9,58.0,60.0,32,member,6
269,2,10.0,10.0,329,member,3
269,3,15.0,8.0,475,leader,3
269,4,8.0,18.0,229,member,3
269,5,20.0,20.0,131,member,3
269,6,50.0,50.0,93,leader,6
269,7,55.0,52.0,431,member,6
269,8,60.0,48.0,381,member,6
269,9,58.0,60.0,31,member,6
270,2,10.0,10.0,328,member,3
270,3,15.0,8.0,472,leader,3
270,4,8.0,18.0,228,member,3
270,5,20.0,20.0,130,member,3
270,6,50.0,50.0,90,leader,6
270,7,55.0,52.0,430,member,6
270,8,60.0,48.0,380,member,6
270,9,58.0,60.0,30,member,6
271,2,10.0,10.0,327,member,3
271,3,15.0,8.0,469,leader,3
271,4,8.0,18.0,227,member,3
271,5,20.0,20.0,129,member,3
271,6,50.0,50.0,87,leader,6
271,7,55.0,52.0,429,member,6
271,8,60.0,48.0,379,member,6
271,9,58.0,60.0,29,member,6
272,2,10.0,10.0,326,member,3
272,3,15.0,8.0,466,leader,3
272,4,8.0,18.0,226,member,3
272,5,20.0,20.0,128,member,3
272,6,50.0,50.0,84,leader,6
272,7,55.0,52.0,428,member,6
272,8,60.0,48.0,378,member,6
272,9,58.0,60.0,28,member,6
273,2,10.0,10.0,325,member,3
273,3,15.0,8.0,463,leader,3
273,4,8.0,18.0,225,member,3
273,5,20.0,20.0,127,member,3
273,6,50.0,50.0,81,leader,6
273,7,55.0,52.0,427,member,6
273,8,60.0,48.0,377,member,6
273,9,58.0,60.0,27,member,6
274,2,10.0,10.0,324,member,3
274,3,15.0,8.0,460,leader,3
274,4,8.0,18.0,224,member,3
274,5,20.0,20.0,126,member,3
274,6,50.0,50.0,78,leader,6
274,7,55.0,52.0,426,member,6
274,8,60.0,48.0,376,member,6
274,9,58.0,60.0,26,member,6
275,2,10.0,10.0,323,member,3
275,3,15.0,8.0,457,leader,3
275,4,8.0,18.0,223,member,3
275,5,20.0,20.0,125,member,3
275,6,50.0,50.0,75,leader,6
275,7,55.0,52.0,425,member,6
275,8,60.0,48.0,375,member,6
275,9,58.0,60.0,25,member,6
276,2,10.0,10.0,322,member,3
276,3,15.0,8.0,454,leader,3
276,4,8.0,18.0,222,member,3
276,5,20.0,20.0,124,member,3
276,6,50.0,50.0,72,leader,6
276,7,55.0,52.0,424,member,6
276,8,60.0,48.0,374,member,6
276,9,58.0,60.0,24,member,6
277,2,10.0,10.0,321,member,3
277,3,15.0,8.0,451,leader,3
277,4,8.0,18.0,221,member,3
277,5,20.0,20.0,123,member,3
277,6,50.0,50.0,69,leader,6
277,7,55.0,52.0,423,member,6
277,8,60.0,48.0,373,member,6
277,9,58.0,60.0,23,member,6
278,2,10.0,10.0,320,member,3
278,3,15.0,8.0,448,leader,3
278,4,8.0,18.0,220,member,3
278,5,20.0,20.0,122,member,3
278,6,50.0,50.0,66,leader,6
278,7,55.0,52.0,422,member,6
278,8,60.0,48.0,372,member,6
278,9,58.0,60.0,22,member,6
279,2,10.0,10.0,319,member,3
279,3,15.0,8.0,445,leader,3
279,4,8.0,18.0,219,member,3
279,5,20.0,20.0,121,member,3
279,6,50.0,50.0,63,leader,6
279,7,55.0,52.0,421,member,6
279,8,60.0,48.0,371,member,6
279,9,58.0,60.0,21,member,6
280,2,10.0,10.0,318,member,3
280,3,15.0,8.0,442,leader,3
280,4,8.0,18.0,218,member,3
280,5,20.0,20.0,120,member,3
280,6,50.0,50.0,60,leader,6
280,7,55.0,52.0,420,member,6
280,8,60.0,48.0,370,member,6
280,9,58.0,60.0,20,member,6
281,2,10.0,10.0,317,member,3
281,3,15.0,8.0,439,leader,3
281,4,8.0,18.0,217,member,3
281,5,20.0,20.0,119,member,3
281,6,50.0,50.0,57,leader,6
281,7,55.0,52.0,419,member,6
281,8,60.0,48.0,369,member,6
281,9,58.0,60.0,19,member,6
282,2,10.0,10.0,316,member,3
282,3,15.0,8.0,436,leader,3
282,4,8.0,18.0,216,member,3
282,5,20.0,20.0,118,member,3
282,6,50.0,50.0,54,leader,6
282,7,55.0,52.0,418,member,6
282,8,60.0,48.0,368,member,6
282,9,58.0,60.0,18,member,6
283,2,10.0,10.0,315,member,3
283,3,15.0,8.0,433,leader,3
283,4,8.0,18.0,215,member,3
283,5,20.0,20.0,117,member,3
283,6,50.0,50.0,51,leader,6
283,7,55.0,52.0,417,member,6
283,8,60.0,48.0,367,member,6
283,9,58.0,60.0,17,member,6
284,2,10.0,10.0,314,member,3
284,3,15.0,8.0,430,leader,3
284,4,8.0,18.0,214,member,3
284,5,20.0,20.0,116,member,3
284,6,50.0,50.0,48,leader,6
284,7,55.0,52.0,416,member,6
284,8,60.0,48.0,366,member,6
284,9,58.0,60.0,16,member,6
285,2,10.0,10.0,313,member,3
285,3,15.0,8.0,427,leader,3
285,4,8.0,18.0,213,member,3
285,5,20.0,20.0,115,member,3
285,6,50.0,50.0,45,leader,6
285,7,55.0,52.0,415,member,6
285,8,60.0,48.0,365,member,6
285,9,58.0,60.0,15,member,6
286,2,10.0,10.0,312,member,3
286,3,15.0,8.0,424,leader,3
286,4,8.0,18.0,212,member,3
286,5,20.0,20.0,114,member,3
286,6,50.0,50.0,42,leader,6
286,7,55.0,52.0,414,member,6
286,8,60.0,48.0,364,member,6
286,9,58.0,60.0,14,member,6
287,2,10.0,10.0,311,member,3
287,3,15.0,8.0,421,leader,3
287,4,8.0,18.0,211,member,3
287,5,20.0,20.0,113,member,3
287,6,50.0,50.0,39,leader,6
287,7,55.0,52.0,413,member,6
287,8,60.0,48.0,363,member,6
287,9,58.0,60.0,13,member,6
288,2,10.0,10.0,310,member,3
288,3,15.0,8.0,418,leader,3
288,4,8.0,18.0,210,member,3
288,5,20.0,20.0,112,member,3
288,6,50.0,50.0,36,leader,6
288,7,55.0,52.0,412,member,6
288,8,60.0,48.0,362,member,6
288,9,58.0,60.0,12,member,6
289,2,10.0,10.0,309,member,3
289,3,15.0,8.0,415,leader,3
289,4,8.0,18.0,209,member,3
289,5,20.0,20.0,111,member,3
289,6,50.0,50.0,33,leader,6
289,7,55.0,52.0,411,member,6
289,8,60.0,48.0,361,member,6
289,9,58.0,60.0,11,member,6
290,2,10.0,10.0,308,member,3
290,3,15.0,8.0,412,leader,3
290,4,8.0,18.0,208,member,3
290,5,20.0,20.0,110,member,3
290,6,50.0,50.0,30,leader,6
290,7,55.0,52.0,410,member,6
290,8,60.0,48.0,360,member,6
290,9,58.0,60.0,10,member,6
291,2,10.0,10.0,307,member,3
291,3,15.0,8.0,409,leader,3
291,4,8.0,18.0,207,member,3
291,5,20.0,20.0,109,member,3
291,6,50.0,50.0,27,leader,6
291,7,55.0,52.0,409,member,6
291,8,60.0,48.0,359,member,6
291,9,58.0,60.0,9,member,6
292,2,10.0,10.0,306,member,3
292,3,15.0,8.0,406,leader,3
292,4,8.0,18.0,206,member,3
292,5,20.0,20.0,108,member,3
292,6,50.0,50.0,24,leader,6
292,7,55.0,52.0,408,member,6
292,8,60.0,48.0,358,member,6
292,9,58.0,60.0,8,member,6
293,2,10.0,10.0,305,member,3
293,3,15.0,8.0,403,leader,3
293,4,8.0,18.0,205,member,3
293,5,20.0,20.0,107,member,3
293,6,50.0,50.0,21,leader,6
293,7,55.0,52.0,407,member,6
293,8,60.0,48.0,357,member,6
293,9,58.0,60.0,7,member,6
294,2,10.0,10.0,304,member,3
294,3,15.0,8.0,400,leader,3
294,4,8.0,18.0,204,member,3
294,5,20.0,20.0,106,member,3
294,6,50.0,50.0,18,leader,6
294,7,55.0,52.0,406,member,6
294,8,60.0,48.0,356,member,6
294,9,58.0,60.0,6,member,6
295,2,10.0,10.0,303,member,3
295,3,15.0,8.0,397,leader,3
295,4,8.0,18.0,203,member,3
295,5,20.0,20.0,105,member,3
295,6,50.0,50.0,15,leader,6
295,7,55.0,52.0,405,member,6
295,8,60.0,48.0,355,member,6
295,9,58.0,60.0,5,member,6
296,2,10.0,10.0,302,member,3
296,3,15.0,8.0,394,leader,3
296,4,8.0,18.0,202,member,3
296,5,20.0,20.0,104,member,3
296,6,50.0,50.0,12,leader,6
296,7,55.0,52.0,404,member,6
296,8,60.0,48.0,354,member,6
296,9,58.0,60.0,4,member,6
297,2,10.0,10.0,301,member,3
297,3,15.0,8.0,391,leader,3
297,4,8.0,18.0,201,member,3
297,5,20.0,20.0,103,member,3
297,6,50.0,50.0,9,leader,6
297,7,55.0,52.0,403,member,6
297,8,60.0,48.0,353,member,6
297,9,58.0,60.0,3,member,6
298,2,10.0,10.0,300,member,3
298,3,15.0,8.0,388,leader,3
298,4,8.0,18.0,200,member,3
298,5,20.0,20.0,102,member,3
298,6,50.0,50.0,6,leader,6
298,7,55.0,52.0,402,member,6
298,8,60.0,48.0,352,member,6
298,9,58.0,60.0,2,member,6
299,2,10.0,10.0,299,member,3
299,3,15.0,8.0,385,leader,3
299,4,8.0,18.0,199,member,3
299,5,20.0,20.0,101,member,3
299,6,50.0,50.0,3,leader,6
299,7,55.0,52.0,401,member,6
299,8,60.0,48.0,351,member,6
299,9,58.0,60.0,1,member,6
300,2,10.0,10.0,298,member,3
300,3,15.0,8.0,382,leader,3
300,4,8.0,18.0,198,member,3
300,5,20.0,20.0,100,member,3
300,7,55.0,52.0,398,leader,7
300,8,60.0,48.0,348,member,7
300,6,50.0,50.0,0,leader,6
300,9,58.0,60.0,0,member,6
301,2,10.0,10.0,297,member,3
301,3,15.0,8.0,379,leader,3
301,4,8.0,18.0,197,member,3
301,5,20.0,20.0,99,member,3
301,7,55.0,52.0,395,leader,7
301,8,60.0,48.0,347,member,7
302,2,10.0,10.0,296,member,3
302,3,15.0,8.0,376,leader,3
302,4,8.0,18.0,196,member,3
302,5,20.0,20.0,98,member,3
302,7,55.0,52.0,392,leader,7
302,8,60.0,48.0,346,member,7
303,2,10.0,10.0,295,member,3
303,3,15.0,8.0,373,leader,3
303,4,8.0,18.0,195,member,3
303,5,20.0,20.0,97,member,3
303,7,55.0,52.0,389,leader,7
303,8,60.0,48.0,345,member,7
304,2,10.0,10.0,294,member,3
304,3,15.0,8.0,370,leader,3
304,4,8.0,18.0,194,member,3
304,5,20.0,20.0,96,member,3
304,7,55.0,52.0,386,leader,7
304,8,60.0,48.0,344,member,7
305,2,10.0,10.0,293,member,3
305,3,15.0,8.0,367,leader,3
305,4,8.0,18.0,193,member,3
305,5,20.0,20.0,95,member,3
305,7,55.0,52.0,383,leader,7
305,8,60.0,48.0,343,member,7
306,2,10.0,10.0,292,member,3
306,3,15.0,8.0,364,leader,3
306,4,8.0,18.0,192,member,3
306,5,20.0,20.0,94,member,3
306,7,55.0,52.0,380,leader,7
306,8,60.0,48.0,342,member,7
307,2,10.0,10.0,291,member,3
307,3,15.0,8.0,361,leader,3
307,4,8.0,18.0,191,member,3
307,5,20.0,20.0,93,member,3
307,7,55.0,52.0,377,leader,7
307,8,60.0,48.0,341,member,7
308,2,10.0,10.0,290,member,3
308,3,15.0,8.0,358,leader,3
308,4,8.0,18.0,190,member,3
308,5,20.0,20.0,92,member,3
308,7,55.0,52.0,374,leader,7
308,8,60.0,48.0,340,member,7
309,2,10.0,10.0,289,member,3
309,3,15.0,8.0,355,leader,3
309,4,8.0,18.0,189,member,3
309,5,20.0,20.0,91,member,3
309,7,55.0,52.0,371,leader,7
309,8,60.0,48.0,339,member,7
310,2,10.0,10.0,288,member,3
310,3,15.0,8.0,352,leader,3
310,4,8.0,18.0,188,member,3
310,5,20.0,20.0,90,member,3
310,7,55.0,52.0,368,leader,7
310,8,60.0,48.0,338,member,7
311,2,10.0,10.0,287,member,3
311,3,15.0,8.0,349,leader,3
311,4,8.0,18.0,187,member,3
311,5,20.0,20.0,89,member,3
311,7,55.0,52.0,365,leader,7
311,8,60.0,48.0,337,member,7
312,2,10.0,10.0,286,member,3
312,3,15.0,8.0,346,leader,3
312,4,8.0,18.0,186,member,3
312,5,20.0,20.0,88,member,3
312,7,55.0,52.0,362,leader,7
312,8,60.0,48.0,336,member,7
313,2,10.0,10.0,285,member,3
313,3,15.0,8.0,343,leader,3
313,4,8.0,18.0,185,member,3
313,5,20.0,20.0,87,member,3
313,7,55.0,52.0,359,leader,7
313,8,60.0,48.0,335,member,7
314,2,10.0,10.0,284,member,3
314,3,15.0,8.0,340,leader,3
314,4,8.0,18.0,184,member,3
314,5,20.0,20.0,86,member,3
314,7,55.0,52.0,356,leader,7
314,8,60.0,48.0,334,member,7
315,2,10.0,10.0,283,member,3
315,3,15.0,8.0,337,leader,3
315,4,8.0,18.0,183,member,3
315,5,20.0,20.0,85,member,3
315,7,55.0,52.0,353,leader,7
315,8,60.0,48.0,333,member,7
316,2,10.0,10.0,282,member,3
316,3,15.0,8.0,334,leader,3
316,4,8.0,18.0,182,member,3
316,5,20.0,20.0,84,member,3
316,7,55.0,52.0,350,leader,7
316,8,60.0,48.0,332,member,7
317,2,10.0,10.0,281,member,3
317,3,15.0,8.0,331,leader,3
317,4,8.0,18.0,181,member,3
317,5,20.0,20.0,83,member,3
317,7,55.0,52.0,347,leader,7
317,8,60.0,48.0,331,member,7
318,2,10.0,10.0,280,member,3
318,3,15.0,8.0,328,leader,3
318,4,8.0,18.0,180,member,3
318,5,20.0,20.0,82,member,3
318,7,55.0,52.0,344,leader,7
318,8,60.0,48.0,330,member,7
319,2,10.0,10.0,279,member,3
319,3,15.0,8.0,325,leader,3
319,4,8.0,18.0,179,member,3
319,5,20.0,20.0,81,member,3
319,7,55.0,52.0,341,leader,7
319,8,60.0,48.0,329,member,7
320,2,10.0,10.0,278,member,3
320,3,15.0,8.0,322,leader,3
320,4,8.0,18.0,178,member,3
320,5,20.0,20.0,80,member,3
320,7,55.0,52.0,338,leader,7
320,8,60.0,48.0,328,member,7
321,2,10.0,10.0,277,member,3
321,3,15.0,8.0,319,leader,3
321,4,8.0,18.0,177,member,3
321,5,20.0,20.0,79,member,3
321,7,55.0,52.0,335,leader,7
321,8,60.0,48.0,327,member,7
322,2,10.0,10.0,276,member,3
322,3,15.0,8.0,316,leader,3
322,4,8.0,18.0,176,member,3
322,5,20.0,20.0,78,member,3
322,7,55.0,52.0,332,leader,7
322,8,60.0,48.0,326,member,7
323,2,10.0,10.0,275,member,3
323,3,15.0,8.0,313,leader,3
323,4,8.0,18.0,175,member,3
323,5,20.0,20.0,77,member,3
323,7,55.0,52.0,329,leader,7
323,8,60.0,48.0,325,member,7
324,2,10.0,10.0,274,member,3
324,3,15.0,8.0,310,leader,3
324,4,8.0,18.0,174,member,3
324,5,20.0,20.0,76,member,3
324,7,55.0,52.0,326,leader,7
324,8,60.0,48.0,324,member,7
325,2,10.0,10.0,273,member,3
325,3,15.0,8.0,307,leader,3
325,4,8.0,18.0,173,member,3
325,5,20.0,20.0,75,member,3
325,7,55.0,52.0,323,leader,7
325,8,60.0,48.0,323,member,7
326,2,10.0,10.0,272,member,3
326,3,15.0,8.0,304,leader,3
326,4,8.0,18.0,172,member,3
326,5,20.0,20.0,74,member,3
326,7,55.0,52.0,320,leader,7
326,8,60.0,48.0,322,member,7
327,2,10.0,10.0,271,member,3
327,3,15.0,8.0,301,leader,3
327,4,8.0,18.0,171,member,3
327,5,20.0,20.0,73,member,3
327,7,55.0,52.0,317,leader,7
327,8,60.0,48.0,321,member,7
328,2,10.0,10.0,270,member,3
328,3,15.0,8.0,298,leader,3
328,4,8.0,18.0,170,member,3
328,5,20.0,20.0,72,member,3
328,7,55.0,52.0,314,leader,7
328,8,60.0,48.0,320,member,7
329,2,10.0,10.0,269,member,3
329,3,15.0,8.0,295,leader,3
329,4,8.0,18.0,169,member,3
329,5,20.0,20.0,71,member,3
329,7,55.0,52.0,311,leader,7
329,8,60.0,48.0,319,member,7
330,2,10.0,10.0,268,member,3
330,3,15.0,8.0,292,leader,3
330,4,8.0,18.0,168,member,3
330,5,20.0,20.0,70,member,3
330,7,55.0,52.0,308,leader,7
330,8,60.0,48.0,318,member,7
331,2,10.0,10.0,267,member,3
331,3,15.0,8.0,289,leader,3
331,4,8.0,18.0,167,member,3
331,5,20.0,20.0,69,member,3
331,7,55.0,52.0,305,leader,7
331,8,60.0,48.0,317,member,7
332,2,10.0,10.0,266,member,3
332,3,15.0,8.0,286,leader,3
332,4,8.0,18.0,166,member,3
332,5,20.0,20.0,68,member,3
332,7,55.0,52.0,302,leader,7
332,8,60.0,48.0,316,member,7
333,2,10.0,10.0,265,member,3
333,3,15.0,8.0,283,leader,3
333,4,8.0,18.0,165,member,3
333,5,20.0,20.0,67,member,3
333,7,55.0,52.0,299,leader,7
333,8,60.0,48.0,315,member,7
334,2,10.0,10.0,264,member,3
334,3,15.0,8.0,280,leader,3
334,4,8.0,18.0,164,member,3
334,5,20.0,20.0,66,member,3
334,7,55.0,52.0,296,leader,7
334,8,60.0,48.0,314,member,7
335,2,10.0,10.0,263,member,3
335,3,15.0,8.0,277,leader,3
335,4,8.0,18.0,163,member,3
335,5,20.0,20.0,65,member,3
335,7,55.0,52.0,293,leader,7
335,8,60.0,48.0,313,member,7
336,2,10.0,10.0,262,member,3
336,3,15.0,8.0,274,leader,3
336,4,8.0,18.0,162,member,3
336,5,20.0,20.0,64,member,3
336,7,55.0,52.0,290,leader,7
336,8,60.0,48.0,312,member,7
337,2,10.0,10.0,261,member,3
337,3,15.0,8.0,271,leader,3
337,4,8.0,18.0,161,member,3
337,5,20.0,20.0,63,member,3
337,7,55.0,52.0,287,leader,7
337,8,60.0,48.0,311,member,7
338,2,10.0,10.0,260,member,3
338,3,15.0,8.0,268,leader,3
338,4,8.0,18.0,160,member,3
338,5,20.0,20.0,62,member,3
338,7,55.0,52.0,284,leader,7
338,8,60.0,48.0,310,member,7
339,2,10.0,10.0,259,member,3
339,3,15.0,8.0,265,leader,3
339,4,8.0,18.0,159,member,3
339,5,20.0,20.0,61,member,3
339,7,55.0,52.0,281,leader,7
339,8,60.0,48.0,309,member,7
340,2,10.0,10.0,258,member,3
340,3,15.0,8.0,262,leader,3
340,4,8.0,18.0,158,member,3
340,5,20.0,20.0,60,member,3
340,7,55.0,52.0,278,leader,7
340,8,60.0,48.0,308,member,7
341,2,10.0,10.0,257,member,3
341,3,15.0,8.0,259,leader,3
341,4,8.0,18.0,157,member,3
341,5,20.0,20.0,59,member,3
341,7,55.0,52.0,275,leader,7
341,8,60.0,48.0,307,member,7
342,2,10.0,10.0,256,member,3
342,3,15.0,8.0,256,leader,3
342,4,8.0,18.0,156,member,3
342,5,20.0,20.0,58,member,3
342,7,55.0,52.0,272,leader,7
342,8,60.0,48.0,306,member,7
343,2,10.0,10.0,255,member,3
343,3,15.0,8.0,253,leader,3
343,4,8.0,18.0,155,member,3
343,5,20.0,20.0,57,member,3
343,7,55.0,52.0,269,leader,7
343,8,60.0,48.0,305,member,7
344,2,10.0,10.0,254,member,3
344,3,15.0,8.0,250,leader,3
344,4,8.0,18.0,154,member,3
344,5,20.0,20.0,56,member,3
344,7,55.0,52.0,266,leader,7
344,8,60.0,48.0,304,member,7
345,2,10.0,10.0,253,member,3
345,3,15.0,8.0,247,leader,3
345,4,8.0,18.0,153,member,3
345,5,20.0,20.0,55,member,3
345,7,55.0,52.0,263,leader,7
345,8,60.0,48.0,303,member,7
346,2,10.0,10.0,252,member,3
346,3,15.0,8.0,244,leader,3
346,4,8.0,18.0,152,member,3
346,5,20.0,20.0,54,member,3
346,7,55.0,52.0,260,leader,7
346,8,60.0,48.0,302,member,7
347,2,10.0,10.0,251,member,3
347,3,15.0,8.0,241,leader,3
347,4,8.0,18.0,151,member,3
347,5,20.0,20.0,53,member,3
347,7,55.0,52.0,257,leader,7
347,8,60.0,48.0,301,member,7
348,2,10.0,10.0,250,member,3
348,3,15.0,8.0,238,leader,3
348,4,8.0,18.0,150,member,3
348,5,20.0,20.0,52,member,3
348,7,55.0,52.0,254,leader,7
348,8,60.0,48.0,300,member,7
349,2,10.0,10.0,249,member,3
349,3,15.0,8.0,235,leader,3
349,4,8.0,18.0,149,member,3
349,5,20.0,20.0,51,member,3
349,7,55.0,52.0,251,leader,7
349,8,60.0,48.0,299,member,7
350,2,10.0,10.0,248,member,3
350,3,15.0,8.0,232,leader,3
350,4,8.0,18.0,148,member,3
350,5,20.0,20.0,50,member,3
350,7,55.0,52.0,248,leader,7
350,8,60.0,48.0,298,member,7
351,2,10.0,10.0,247,member,3
351,3,15.0,8.0,229,leader,3
351,4,8.0,18.0,147,member,3
351,5,20.0,20.0,49,member,3
351,7,55.0,52.0,245,leader,7
351,8,60.0,48.0,297,member,7
352,2,10.0,10.0,246,member,3
352,3,15.0,8.0,226,leader,3
352,4,8.0,18.0,146,member,3
352,5,20.0,20.0,48,member,3
352,7,55.0,52.0,242,leader,7
352,8,60.0,48.0,296,member,7
353,2,10.0,10.0,245,member,3
353,3,15.0,8.0,223,leader,3
353,4,8.0,18.0,145,member,3
353,5,20.0,20.0,47,member,3
353,7,55.0,52.0,239,leader,7
353,8,60.0,48.0,295,member,7
354,2,10.0,10.0,244,member,3
354,3,15.0,8.0,220,leader,3
354,4,8.0,18.0,144,member,3
354,5,20.0,20.0,46,member,3
354,7,55.0,52.0,236,leader,7
354,8,60.0,48.0,294,member,7
355,2,10.0,10.0,243,member,3
355,3,15.0,8.0,217,leader,3
355,4,8.0,18.0,143,member,3
355,5,20.0,20.0,45,member,3
355,7,55.0,52.0,233,leader,7
355,8,60.0,48.0,293,member,7
356,2,10.0,10.0,242,member,3
356,3,15.0,8.0,214,leader,3
356,4,8.0,18.0,142,member,3
356,5,20.0,20.0,44,member,3
356,7,55.0,52.0,230,leader,7
356,8,60.0,48.0,292,member,7
357,2,10.0,10.0,241,member,3
357,3,15.0,8.0,211,leader,3
357,4,8.0,18.0,141,member,3
357,5,20.0,20.0,43,member,3
357,7,55.0,52.0,227,leader,7
357,8,60.0,48.0,291,member,7
358,2,10.0,10.0,240,member,3
358,3,15.0,8.0,208,leader,3
358,4,8.0,18.0,140,member,3
358,5,20.0,20.0,42,member,3
358,7,55.0,52.0,224,leader,7
358,8,60.0,48.0,290,member,7
359,2,10.0,10.0,239,member,3
359,3,15.0,8.0,205,leader,3
359,4,8.0,18.0,139,member,3
359,5,20.0,20.0,41,member,3
359,7,55.0,52.0,221,leader,7
359,8,60.0,48.0,289,member,7
360,2,10.0,10.0,238,member,3
360,3,15.0,8.0,202,leader,3
360,4,8.0,18.0,138,member,3
360,5,20.0,20.0,40,member,3
360,7,55.0,52.0,218,leader,7
360,8,60.0,48.0,288,member,7
361,2,10.0,10.0,237,member,3
361,3,15.0,8.0,199,leader,3
361,4,8.0,18.0,137,member,3
361,5,20.0,20.0,39,member,3
361,7,55.0,52.0,215,leader,7
361,8,60.0,48.0,287,member,7
362,2,10.0,10.0,236,member,3
362,3,15.0,8.0,196,leader,3
362,4,8.0,18.0,136,member,3
362,5,20.0,20.0,38,member,3
362,7,55.0,52.0,212,leader,7
362,8,60.0,48.0,286,member,7
363,2,10.0,10.0,235,member,3
363,3,15.0,8.0,193,leader,3
363,4,8.0,18.0,135,member,3
363,5,20.0,20.0,37,member,3
363,7,55.0,52.0,209,leader,7
363,8,60.0,48.0,285,member,7
364,2,10.0,10.0,234,member,3
364,3,15.0,8.0,190,leader,3
364,4,8.0,18.0,134,member,3
364,5,20.0,20.0,36,member,3
364,7,55.0,52.0,206,leader,7
364,8,60.0,48.0,284,member,7
365,2,10.0,10.0,233,member,3
365,3,15.0,8.0,187,leader,3
365,4,8.0,18.0,133,member,3
365,5,20.0,20.0,35,member,3
365,7,55.0,52.0,203,leader,7
365,8,60.0,48.0,283,member,7
366,2,10.0,10.0,232,member,3
366,3,15.0,8.0,184,leader,3
366,4,8.0,18.0,132,member,3
366,5,20.0,20.0,34,member,3
366,7,55.0,52.0,200,leader,7
366,8,60.0,48.0,282,member,7
367,2,10.0,10.0,231,member,3
367,3,15.0,8.0,181,leader,3
367,4,8.0,18.0,131,member,3
367,5,20.0,20.0,33,member,3
367,7,55.0,52.0,197,leader,7
367,8,60.0,48.0,281,member,7
368,2,10.0,10.0,230,member,3
368,3,15.0,8.0,178,leader,3
368,4,8.0,18.0,130,member,3
368,5,20.0,20.0,32,member,3
368,7,55.0,52.0,194,leader,7
368,8,60.0,48.0,280,member,7
369,2,10.0,10.0,229,member,3
369,3,15.0,8.0,175,leader,3
369,4,8.0,18.0,129,member,3
369,5,20.0,20.0,31,member,3
369,7,55.0,52.0,191,leader,7
369,8,60.0,48.0,279,member,7
370,2,10.0,10.0,228,member,3
370,3,15.0,8.0,172,leader,3
370,4,8.0,18.0,128,member,3
370,5,20.0,20.0,30,member,3
370,7,55.0,52.0,188,leader,7
370,8,60.0,48.0,278,member,7
371,2,10.0,10.0,227,member,3
371,3,15.0,8.0,169,leader,3
371,4,8.0,18.0,127,member,3
371,5,20.0,20.0,29,member,3
371,7,55.0,52.0,185,leader,7
371,8,60.0,48.0,277,member,7
372,2,10.0,10.0,226,member,3
372,3,15.0,8.0,166,leader,3
372,4,8.0,18.0,126,member,3
372,5,20.0,20.0,28,member,3
372,7,55.0,52.0,182,leader,7
372,8,60.0,48.0,276,member,7
373,2,10.0,10.0,225,member,3
373,3,15.0,8.0,163,leader,3
373,4,8.0,18.0,125,member,3
373,5,20.0,20.0,27,member,3
373,7,55.0,52.0,179,leader,7
373,8,60.0,48.0,275,member,7
374,2,10.0,10.0,224,member,3
374,3,15.0,8.0,160,leader,3
374,4,8.0,18.0,124,member,3
374,5,20.0,20.0,26,member,3
374,7,55.0,52.0,176,leader,7
374,8,60.0,48.0,274,member,7
375,2,10.0,10.0,223,member,3
375,3,15.0,8.0,157,leader,3
375,4,8.0,18.0,123,member,3
375,5,20.0,20.0,25,member,3
375,7,55.0,52.0,173,leader,7
375,8,60.0,48.0,273,member,7
376,2,10.0,10.0,222,member,3
376,3,15.0,8.0,154,leader,3
376,4,8.0,18.0,122,member,3
376,5,20.0,20.0,24,member,3
376,7,55.0,52.0,170,leader,7
376,8,60.0,48.0,272,member,7
377,2,10.0,10.0,221,member,3
377,3,15.0,8.0,151,leader,3
377,4,8.0,18.0,121,member,3
377,5,20.0,20.0,23,member,3
377,7,55.0,52.0,167,leader,7
377,8,60.0,48.0,271,member,7
378,2,10.0,10.0,220,member,3
378,3,15.0,8.0,148,leader,3
378,4,8.0,18.0,120,member,3
378,5,20.0,20.0,22,member,3
378,7,55.0,52.0,164,leader,7
378,8,60.0,48.0,270,member,7
379,2,10.0,10.0,219,member,3
379,3,15.0,8.0,145,leader,3
379,4,8.0,18.0,119,member,3
379,5,20.0,20.0,21,member,3
379,7,55.0,52.0,161,leader,7
379,8,60.0,48.0,269,member,7
380,2,10.0,10.0,218,member,3
380,3,15.0,8.0,142,leader,3
380,4,8.0,18.0,118,member,3
380,5,20.0,20.0,20,member,3
380,7,55.0,52.0,158,leader,7
380,8,60.0,48.0,268,member,7
381,2,10.0,10.0,217,member,3
381,3,15.0,8.0,139,leader,3
381,4,8.0,18.0,117,member,3
381,5,20.0,20.0,19,member,3
381,7,55.0,52.0,155,leader,7
381,8,60.0,48.0,267,member,7
382,2,10.0,10.0,216,member,3
382,3,15.0,8.0,136,leader,3
382,4,8.0,18.0,116,member,3
382,5,20.0,20.0,18,member,3
382,7,55.0,52.0,152,leader,7
382,8,60.0,48.0,266,member,7
383,2,10.0,10.0,215,member,3
383,3,15.0,8.0,133,leader,3
383,4,8.0,18.0,115,member,3
383,5,20.0,20.0,17,member,3
383,7,55.0,52.0,149,leader,7
383,8,60.0,48.0,265,member,7
384,2,10.0,10.0,214,member,3
384,3,15.0,8.0,130,leader,3
384,4,8.0,18.0,114,member,3
384,5,20.0,20.0,16,member,3
384,7,55.0,52.0,146,leader,7
384,8,60.0,48.0,264,member,7
385,2,10.0,10.0,213,member,3
385,3,15.0,8.0,127,leader,3
385,4,8.0,18.0,113,member,3
385,5,20.0,20.0,15,member,3
385,7,55.0,52.0,143,leader,7
385,8,60.0,48.0,263,member,7
386,2,10.0,10.0,212,member,3
386,3,15.0,8.0,124,leader,3
386,4,8.0,18.0,112,member,3
386,5,20.0,20.0,14,member,3
386,7,55.0,52.0,140,leader,7
386,8,60.0,48.0,262,member,7
387,2,10.0,10.0,211,member,3
387,3,15.0,8.0,121,leader,3
387,4,8.0,18.0,111,member,3
387,5,20.0,20.0,13,member,3
387,7,55.0,52.0,137,leader,7
387,8,60.0,48.0,261,member,7
388,2,10.0,10.0,210,member,3
388,3,15.0,8.0,118,leader,3
388,4,8.0,18.0,110,member,3
388,5,20.0,20.0,12,member,3
388,7,55.0,52.0,134,leader,7
388,8,60.0,48.0,260,member,7
389,2,10.0,10.0,209,member,3
389,3,15.0,8.0,115,leader,3
389,4,8.0,18.0,109,member,3
389,5,20.0,20.0,11,member,3
389,7,55.0,52.0,131,leader,7
389,8,60.0,48.0,259,member,7
390,2,10.0,10.0,208,member,3
390,3,15.0,8.0,112,leader,3
390,4,8.0,18.0,108,member,3
390,5,20.0,20.0,10,member,3
390,7,55.0,52.0,128,leader,7
390,8,60.0,48.0,258,member,7
391,2,10.0,10.0,207,member,3
391,3,15.0,8.0,109,leader,3
391,4,8.0,18.0,107,member,3
391,5,20.0,20.0,9,member,3
391,7,55.0,52.0,125,leader,7
391,8,60.0,48.0,257,member,7
392,2,10.0,10.0,206,member,3
392,3,15.0,8.0,106,leader,3
392,4,8.0,18.0,106,member,3
392,5,20.0,20.0,8,member,3
392,7,55.0,52.0,122,leader,7
392,8,60.0,48.0,256,member,7
393,2,10.0,10.0,205,member,3
393,3,15.0,8.0,103,leader,3
393,4,8.0,18.0,105,member,3
393,5,20.0,20.0,7,member,3
393,7,55.0,52.0,119,leader,7
393,8,60.0,48.0,255,member,7
394,2,10.0,10.0,204,member,3
394,3,15.0,8.0,100,leader,3
394,4,8.0,18.0,104,member,3
394,5,20.0,20.0,6,member,3
394,7,55.0,52.0,116,leader,7
394,8,60.0,48.0,254,member,7
395,2,10.0,10.0,203,member,3
395,3,15.0,8.0,97,leader,3
395,4,8.0,18.0,103,member,3
395,5,20.0,20.0,5,member,3
395,7,55.0,52.0,113,leader,7
395,8,60.0,48.0,253,member,7
396,2,10.0,10.0,202,member,3
396,3,15.0,8.0,94,leader,3
396,4,8.0,18.0,102,member,3
396,5,20.0,20.0,4,member,3
396,7,55.0,52.0,110,leader,7
396,8,60.0,48.0,252,member,7
397,2,10.0,10.0,201,member,3
397,3,15.0,8.0,91,leader,3
397,4,8.0,18.0,101,member,3
397,5,20.0,20.0,3,member,3
397,7,55.0,52.0,107,leader,7
397,8,60.0,48.0,251,member,7
398,2,10.0,10.0,200,member,3
398,3,15.0,8.0,88,leader,3
398,4,8.0,18.0,100,member,3
398,5,20.0,20.0,2,member,3
398,7,55.0,52.0,104,leader,7
398,8,60.0,48.0,250,member,7
399,2,10.0,10.0,199,member,3
399,3,15.0,8.0,85,leader,3
399,4,8.0,18.0,99,member,3
399,5,20.0,20.0,1,member,3
399,7,55.0,52.0,101,leader,7
399,8,60.0,48.0,249,member,7
400,2,10.0,10.0,198,member,3
400,3,15.0,8.0,82,leader,3
400,4,8.0,18.0,98,member,3
400,7,55.0,52.0,98,leader,7
400,8,60.0,48.0,248,member,7
400,5,20.0,20.0,0,member,3
401,2,10.0,10.0,197,member,3
401,3,15.0,8.0,79,leader,3
401,4,8.0,18.0,97,member,3
401,7,55.0,52.0,95,leader,7
401,8,60.0,48.0,247,member,7
402,2,10.0,10.0,196,member,3
402,3,15.0,8.0,76,leader,3
402,4,8.0,18.0,96,member,3
402,7,55.0,52.0,92,leader,7
402,8,60.0,48.0,246,member,7
403,2,10.0,10.0,195,member,3
403,3,15.0,8.0,73,leader,3
403,4,8.0,18.0,95,member,3
403,7,55.0,52.0,89,leader,7
403,8,60.0,48.0,245,member,7
404,2,10.0,10.0,194,member,3
404,3,15.0,8.0,70,leader,3
404,4,8.0,18.0,94,member,3
404,7,55.0,52.0,86,leader,7
404,8,60.0,48.0,244,member,7
405,2,10.0,10.0,193,member,3
405,3,15.0,8.0,67,leader,3
405,4,8.0,18.0,93,member,3
405,7,55.0,52.0,83,leader,7
405,8,60.0,48.0,243,member,7
406,2,10.0,10.0,192,member,3
406,3,15.0,8.0,64,leader,3
406,4,8.0,18.0,92,member,3
406,7,55.0,52.0,80,leader,7
406,8,60.0,48.0,242,member,7
407,2,10.0,10.0,191,member,3
407,3,15.0,8.0,61,leader,3
407,4,8.0,18.0,91,member,3
407,7,55.0,52.0,77,leader,7
407,8,60.0,48.0,241,member,7
408,2,10.0,10.0,190,member,3
408,3,15.0,8.0,58,leader,3
408,4,8.0,18.0,90,member,3
408,7,55.0,52.0,74,leader,7
408,8,60.0,48.0,240,member,7
409,2,10.0,10.0,189,member,3
409,3,15.0,8.0,55,leader,3
409,4,8.0,18.0,89,member,3
409,7,55.0,52.0,71,leader,7
409,8,60.0,48.0,239,member,7
410,2,10.0,10.0,188,member,3
410,3,15.0,8.0,52,leader,3
410,4,8.0,18.0,88,member,3
410,7,55.0,52.0,68,leader,7
410,8,60.0,48.0,238,member,7
411,2,10.0,10.0,187,member,3
411,3,15.0,8.0,49,leader,3
411,4,8.0,18.0,87,member,3
411,7,55.0,52.0,65,leader,7
411,8,60.0,48.0,237,member,7
412,2,10.0,10.0,186,member,3
412,3,15.0,8.0,46,leader,3
412,4,8.0,18.0,86,member,3
412,7,55.0,52.0,62,leader,7
412,8,60.0,48.0,236,member,7
413,2,10.0,10.0,185,member,3
413,3,15.0,8.0,43,leader,3
413,4,8.0,18.0,85,member,3
413,7,55.0,52.0,59,leader,7
413,8,60.0,48.0,235,member,7
414,2,10.0,10.0,184,member,3
414,3,15.0,8.0,40,leader,3
414,4,8.0,18.0,84,member,3
414,7,55.0,52.0,56,leader,7
414,8,60.0,48.0,234,member,7
415,2,10.0,10.0,183,member,3
415,3,15.0,8.0,37,leader,3
415,4,8.0,18.0,83,member,3
415,7,55.0,52.0,53,leader,7
415,8,60.0,48.0,233,member,7
416,2,10.0,10.0,182,member,3
416,3,15.0,8.0,34,leader,3
416,4,8.0,18.0,82,member,3
416,7,55.0,52.0,50,leader,7
416,8,60.0,48.0,232,member,7
417,2,10.0,10.0,181,member,3
417,3,15.0,8.0,31,leader,3
417,4,8.0,18.0,81,member,3
417,7,55.0,52.0,47,leader,7
417,8,60.0,48.0,231,member,7
418,2,10.0,10.0,180,member,3
418,3,15.0,8.0,28,leader,3
418,4,8.0,18.0,80,member,3
418,7,55.0,52.0,44,leader,7
418,8,60.0,48.0,230,member,7
419,2,10.0,10.0,179,member,3
419,3,15.0,8.0,25,leader,3
419,4,8.0,18.0,79,member,3
419,7,55.0,52.0,41,leader,7
419,8,60.0,48.0,229,member,7
420,2,10.0,10.0,178,member,3
420,3,15.0,8.0,22,leader,3
420,4,8.0,18.0,78,member,3
420,7,55.0,52.0,38,leader,7
420,8,60.0,48.0,228,member,7
421,2,10.0,10.0,177,member,3
421,3,15.0,8.0,19,leader,3
421,4,8.0,18.0,77,member,3
421,7,55.0,52.0,35,leader,7
421,8,60.0,48.0,227,member,7
422,2,10.0,10.0,176,member,3
422,3,15.0,8.0,16,leader,3
422,4,8.0,18.0,76,member,3
422,7,55.0,52.0,32,leader,7
422,8,60.0,48.0,226,member,7
423,2,10.0,10.0,175,member,3
423,3,15.0,8.0,13,leader,3
423,4,8.0,18.0,75,member,3
423,7,55.0,52.0,29,leader,7
423,8,60.0,48.0,225,member,7
424,2,10.0,10.0,174,member,3
424,3,15.0,8.0,10,leader,3
424,4,8.0,18.0,74,member,3
424,7,55.0,52.0,26,leader,7
424,8,60.0,48.0,224,member,7
425,2,10.0,10.0,173,member,3
425,3,15.0,8.0,7,leader,3
425,4,8.0,18.0,73,member,3
425,7,55.0,52.0,23,leader,7
425,8,60.0,48.0,223,member,7
426,2,10.0,10.0,172,member,3
426,3,15.0,8.0,4,leader,3
426,4,8.0,18.0,72,member,3
426,7,55.0,52.0,20,leader,7
426,8,60.0,48.0,222,member,7
427,2,10.0,10.0,171,member,3
427,3,15.0,8.0,1,leader,3
427,4,8.0,18.0,71,member,3
427,7,55.0,52.0,17,leader,7
427,8,60.0,48.0,221,member,7
428,2,10.0,10.0,168,leader,2
428,4,8.0,18.0,68,member,2
428,7,55.0,52.0,14,leader,7
428,8,60.0,48.0,220,member,7
428,3,15.0,8.0,0,leader,3
429,2,10.0,10.0,165,leader,2
429,4,8.0,18.0,67,member,2
429,7,55.0,52.0,11,leader,7
429,8,60.0,48.0,219,member,7
430,2,10.0,10.0,162,leader,2
430,4,8.0,18.0,66,member,2
430,7,55.0,52.0,8,leader,7
430,8,60.0,48.0,218,member,7
431,2,10.0,10.0,159,leader,2
431,4,8.0,18.0,65,member,2
431,7,55.0,52.0,5,leader,7
431,8,60.0,48.0,217,member,7
432,2,10.0,10.0,156,leader,2
432,4,8.0,18.0,64,member,2
432,7,55.0,52.0,2,leader,7
432,8,60.0,48.0,216,member,7
433,2,10.0,10.0,153,leader,2
433,4,8.0,18.0,63,member,2
433,8,60.0,48.0,213,leader,8
433,7,55.0,52.0,0,leader,7
434,2,10.0,10.0,150,leader,2
434,4,8.0,18.0,62,member,2
434,8,60.0,48.0,210,leader,8
435,2,10.0,10.0,147,leader,2
435,4,8.0,18.0,61,member,2
435,8,60.0,48.0,207,leader,8
436,2,10.0,10.0,144,leader,2
436,4,8.0,18.0,60,member,2
436,8,60.0,48.0,204,leader,8
437,2,10.0,10.0,141,leader,2
437,4,8.0,18.0,59,member,2
437,8,60.0,48.0,201,leader,8
438,2,10.0,10.0,138,leader,2
438,4,8.0,18.0,58,member,2
438,8,60.0,48.0,198,leader,8
439,2,10.0,10.0,135,leader,2
439,4,8.0,18.0,57,member,2
439,8,60.0,48.0,195,leader,8
440,2,10.0,10.0,132,leader,2
440,4,8.0,18.0,56,member,2
440,8,60.0,48.0,192,leader,8
441,2,10.0,10.0,129,leader,2
441,4,8.0,18.0,55,member,2
441,8,60.0,48.0,189,leader,8
442,2,10.0,10.0,126,leader,2
442,4,8.0,18.0,54,member,2
442,8,60.0,48.0,186,leader,8
443,2,10.0,10.0,123,leader,2
443,4,8.0,18.0,53,member,2
443,8,60.0,48.0,183,leader,8
444,2,10.0,10.0,120,leader,2
444,4,8.0,18.0,52,member,2
444,8,60.0,48.0,180,leader,8
445,2,10.0,10.0,117,leader,2
445,4,8.0,18.0,51,member,2
445,8,60.0,48.0,177,leader,8
446,2,10.0,10.0,114,leader,2
446,4,8.0,18.0,50,member,2
446,8,60.0,48.0,174,leader,8
447,2,10.0,10.0,111,leader,2
447,4,8.0,18.0,49,member,2
447,8,60.0,48.0,171,leader,8
448,2,10.0,10.0,108,leader,2
448,4,8.0,18.0,48,member,2
448,8,60.0,48.0,168,leader,8
449,2,10.0,10.0,105,leader,2
449,4,8.0,18.0,47,member,2
449,8,60.0,48.0,165,leader,8
450,2,10.0,10.0,102,leader,2
450,4,8.0,18.0,46,member,2
450,8,60.0,48.0,162,leader,8
451,2,10.0,10.0,99,leader,2
451,4,8.0,18.0,45,member,2
451,8,60.0,48.0,159,leader,8
452,2,10.0,10.0,96,leader,2
452,4,8.0,18.0,44,member,2
452,8,60.0,48.0,156,leader,8
453,2,10.0,10.0,93,leader,2
453,4,8.0,18.0,43,member,2
453,8,60.0,48.0,153,leader,8
454,2,10.0,10.0,90,leader,2
454,4,8.0,18.0,42,member,2
454,8,60.0,48.0,150,leader,8
455,2,10.0,10.0,87,leader,2
455,4,8.0,18.0,41,member,2
455,8,60.0,48.0,147,leader,8
456,2,10.0,10.0,84,leader,2
456,4,8.0,18.0,40,member,2
456,8,60.0,48.0,144,leader,8
457,2,10.0,10.0,81,leader,2
457,4,8.0,18.0,39,member,2
457,8,60.0,48.0,141,leader,8
458,2,10.0,10.0,78,leader,2
458,4,8.0,18.0,38,member,2
458,8,60.0,48.0,138,leader,8
459,2,10.0,10.0,75,leader,2
459,4,8.0,18.0,37,member,2
459,8,60.0,48.0,135,leader,8
460,2,10.0,10.0,72,leader,2
460,4,8.0,18.0,36,member,2
460,8,60.0,48.0,132,leader,8
461,2,10.0,10.0,69,leader,2
461,4,8.0,18.0,35,member,2
461,8,60.0,48.0,129,leader,8
462,2,10.0,10.0,66,leader,2
462,4,8.0,18.0,34,member,2
462,8,60.0,48.0,126,leader,8
463,2,10.0,10.0,63,leader,2
463,4,8.0,18.0,33,member,2
463,8,60.0,48.0,123,leader,8
464,2,10.0,10.0,60,leader,2
464,4,8.0,18.0,32,member,2
464,8,60.0,48.0,120,leader,8
465,2,10.0,10.0,57,leader,2
465,4,8.0,18.0,31,member,2
465,8,60.0,48.0,117,leader,8
466,2,10.0,10.0,54,leader,2
466,4,8.0,18.0,30,member,2
466,8,60.0,48.0,114,leader,8
467,2,10.0,10.0,51,leader,2
467,4,8.0,18.0,29,member,2
467,8,60.0,48.0,111,leader,8
468,2,10.0,10.0,48,leader,2
468,4,8.0,18.0,28,member,2
468,8,60.0,48.0,108,leader,8
469,2,10.0,10.0,45,leader,2
469,4,8.0,18.0,27,member,2
469,8,60.0,48.0,105,leader,8
470,2,10.0,10.0,42,leader,2
470,4,8.0,18.0,26,member,2
470,8,60.0,48.0,102,leader,8
471,2,10.0,10.0,39,leader,2
471,4,8.0,18.0,25,member,2
471,8,60.0,48.0,99,leader,8
472,2,10.0,10.0,36,leader,2
472,4,8.0,18.0,24,member,2
472,8,60.0,48.0,96,leader,8
473,2,10.0,10.0,33,leader,2
473,4,8.0,18.0,23,member,2
473,8,60.0,48.0,93,leader,8
474,2,10.0,10.0,30,leader,2
474,4,8.0,18.0,22,member,2
474,8,60.0,48.0,90,leader,8
475,2,10.0,10.0,27,leader,2
475,4,8.0,18.0,21,member,2
475,8,60.0,48.0,87,leader,8
476,2,10.0,10.0,24,leader,2
476,4,8.0,18.0,20,member,2
476,8,60.0,48.0,84,leader,8
477,2,10.0,10.0,21,leader,2
477,4,8.0,18.0,19,member,2
477,8,60.0,48.0,81,leader,8
478,2,10.0,10.0,18,leader,2
478,4,8.0,18.0,18,member,2
478,8,60.0,48.0,78,leader,8
479,2,10.0,10.0,15,leader,2
479,4,8.0,18.0,17,member,2
479,8,60.0,48.0,75,leader,8
480,2,10.0,10.0,12,leader,2
480,4,8.0,18.0,16,member,2
480,8,60.0,48.0,72,leader,8
481,2,10.0,10.0,9,leader,2
481,4,8.0,18.0,15,member,2
481,8,60.0,48.0,69,leader,8
482,2,10.0,10.0,6,leader,2
482,4,8.0,18.0,14,member,2
482,8,60.0,48.0,66,leader,8
483,2,10.0,10.0,3,leader,2
483,4,8.0,18.0,13,member,2
483,8,60.0,48.0,63,leader,8
484,4,8.0,18.0,10,leader,4
484,8,60.0,48.0,60,leader,8
484,2,10.0,10.0,0,leader,2
485,4,8.0,18.0,7,leader,4
485,8,60.0,48.0,57,leader,8
486,4,8.0,18.0,4,leader,4
486,8,60.0,48.0,54,leader,8
487,4,8.0,18.0,1,leader,4
487,8,60.0,48.0,51,leader,8
488,8,60.0,48.0,48,leader,8
488,4,8.0,18.0,0,leader,4
489,8,60.0,48.0,45,leader,8
490,8,60.0,48.0,42,leader,8
491,8,60.0,48.0,39,leader,8
492,8,60.0,48.0,36,leader,8
493,8,60.0,48.0,33,leader,8
494,8,60.0,48.0,30,leader,8
495,8,60.0,48.0,27,leader,8
496,8,60.0,48.0,24,leader,8
497,8,60.0,48.0,21,leader,8
498,8,60.0,48.0,18,leader,8
499,8,60.0,48.0,15,leader,8
500,8,60.0,48.0,12,leader,8
501,8,60.0,48.0,9,leader,8
502,8,60.0,48.0,6,leader,8
503,8,60.0,48.0,3,leader,8
504,8,60.0,48.0,0,leader,8
